# Blender 5.2.0 LTS
# www.blender.org
mtllib G4N.mtl
o MANHOLE_PROP_CONCRETE
v 47.461117 2.237818 -73.110527
v 47.448627 2.243533 -73.237206
v 47.448627 2.393380 -73.230446
v 47.461117 2.387665 -73.103775
v 47.411636 2.249031 -73.359024
v 47.411636 2.398877 -73.352264
v 47.351570 2.254096 -73.471291
v 47.351570 2.403943 -73.464531
v 47.270737 2.258536 -73.569687
v 47.270737 2.408384 -73.562927
v 47.172237 2.262179 -73.650444
v 47.172237 2.412027 -73.643677
v 47.059860 2.264888 -73.710442
v 47.059860 2.414735 -73.703682
v 46.937923 2.266554 -73.747391
v 46.937923 2.416400 -73.740631
v 46.811115 2.267118 -73.759872
v 46.811115 2.416966 -73.753113
v 46.684307 2.266554 -73.747391
v 46.684307 2.416400 -73.740631
v 46.562370 2.264888 -73.710442
v 46.562370 2.414735 -73.703682
v 46.449993 2.262179 -73.650444
v 46.449993 2.412027 -73.643677
v 46.351498 2.258536 -73.569687
v 46.351498 2.408384 -73.562927
v 46.270660 2.254096 -73.471291
v 46.270660 2.403943 -73.464531
v 46.210594 2.249031 -73.359024
v 46.210594 2.398877 -73.352264
v 46.173607 2.243533 -73.237206
v 46.173607 2.393380 -73.230446
v 46.161118 2.237818 -73.110527
v 46.161118 2.387665 -73.103775
v 46.173607 2.232100 -72.983856
v 46.173607 2.381948 -72.977089
v 46.210594 2.226604 -72.862038
v 46.210594 2.376451 -72.855278
v 46.270660 2.221539 -72.749786
v 46.270660 2.371387 -72.743019
v 46.351498 2.217096 -72.651375
v 46.351498 2.366944 -72.644615
v 46.449993 2.213453 -72.570625
v 46.449993 2.363300 -72.563866
v 46.562370 2.210746 -72.510620
v 46.562370 2.360594 -72.503860
v 46.684307 2.209080 -72.473671
v 46.684307 2.358928 -72.466911
v 46.811115 2.208516 -72.461189
v 46.811115 2.358362 -72.454437
v 46.937923 2.209080 -72.473671
v 46.937923 2.358928 -72.466911
v 47.059860 2.210746 -72.510620
v 47.059860 2.360594 -72.503860
v 47.172237 2.213453 -72.570625
v 47.172237 2.363300 -72.563866
v 47.270737 2.217096 -72.651375
v 47.270737 2.366944 -72.644615
v 47.351570 2.221539 -72.749786
v 47.351570 2.371387 -72.743019
v 47.411636 2.226604 -72.862038
v 47.411636 2.376451 -72.855278
v 47.448627 2.232100 -72.983856
v 47.448627 2.381948 -72.977089
v 46.811115 2.237818 -73.110527
v 46.811115 2.387665 -73.103775
v 47.386116 2.387665 -73.103775
v 47.375069 2.392722 -73.215843
v 47.375069 4.001085 -73.143265
v 47.386116 3.996027 -73.031197
v 47.342346 2.397583 -73.323593
v 47.342346 4.005948 -73.251022
v 47.289211 2.402064 -73.422897
v 47.289211 4.010428 -73.350327
v 47.217701 2.405993 -73.509941
v 47.217701 4.014357 -73.437363
v 47.130569 2.409216 -73.581375
v 47.130569 4.017580 -73.508804
v 47.031158 2.411611 -73.634460
v 47.031158 4.019975 -73.561882
v 46.923294 2.413087 -73.667152
v 46.923294 4.021450 -73.594582
v 46.811115 2.413585 -73.678185
v 46.811115 4.021948 -73.605614
v 46.698940 2.413087 -73.667152
v 46.698940 4.021450 -73.594582
v 46.591072 2.411611 -73.634460
v 46.591072 4.019975 -73.561882
v 46.491665 2.409216 -73.581375
v 46.491665 4.017580 -73.508804
v 46.404530 2.405993 -73.509941
v 46.404530 4.014357 -73.437363
v 46.333019 2.402064 -73.422897
v 46.333019 4.010428 -73.350327
v 46.279884 2.397583 -73.323593
v 46.279884 4.005948 -73.251022
v 46.247166 2.392722 -73.215843
v 46.247166 4.001085 -73.143265
v 46.236115 2.387665 -73.103775
v 46.236115 3.996027 -73.031197
v 46.247166 2.382607 -72.991699
v 46.247166 3.990971 -72.919128
v 46.279884 2.377745 -72.883949
v 46.279884 3.986109 -72.811378
v 46.333019 2.373263 -72.784645
v 46.333019 3.981627 -72.712074
v 46.404530 2.369335 -72.697601
v 46.404530 3.977699 -72.625015
v 46.491665 2.366113 -72.626167
v 46.491665 3.974477 -72.553589
v 46.591072 2.363718 -72.573090
v 46.591072 3.972082 -72.500511
v 46.698940 2.362242 -72.540390
v 46.698940 3.970606 -72.467819
v 46.811115 2.361744 -72.529358
v 46.811115 3.970107 -72.456787
v 46.923294 2.362242 -72.540390
v 46.923294 3.970606 -72.467819
v 47.031158 2.363718 -72.573090
v 47.031158 3.972082 -72.500511
v 47.130569 2.366113 -72.626167
v 47.130569 3.974477 -72.553589
v 47.217701 2.369335 -72.697601
v 47.217701 3.977699 -72.625015
v 47.289211 2.373263 -72.784645
v 47.289211 3.981627 -72.712074
v 47.342346 2.377745 -72.883949
v 47.342346 3.986109 -72.811378
v 47.375069 2.382607 -72.991699
v 47.375069 3.990971 -72.919128
v 47.336117 3.996027 -73.031197
v 47.326027 4.000644 -73.133514
v 47.326027 2.392281 -73.206085
v 47.336117 2.387665 -73.103775
v 47.296150 4.005085 -73.231903
v 47.296150 2.396722 -73.304474
v 47.247639 4.009176 -73.322578
v 47.247639 2.400812 -73.395149
v 47.182346 4.012762 -73.402046
v 47.182346 2.404398 -73.474625
v 47.102791 4.015707 -73.467278
v 47.102791 2.407342 -73.539848
v 47.012024 4.017892 -73.515739
v 47.012024 2.409528 -73.588310
v 46.913540 4.019239 -73.545578
v 46.913540 2.410875 -73.618164
v 46.811115 4.019694 -73.555664
v 46.811115 2.411330 -73.628242
v 46.708694 4.019239 -73.545578
v 46.708694 2.410875 -73.618164
v 46.610207 4.017892 -73.515739
v 46.610207 2.409528 -73.588310
v 46.519440 4.015707 -73.467278
v 46.519440 2.407342 -73.539848
v 46.439884 4.012762 -73.402046
v 46.439884 2.404398 -73.474625
v 46.374596 4.009176 -73.322578
v 46.374596 2.400812 -73.395149
v 46.326080 4.005085 -73.231903
v 46.326080 2.396722 -73.304474
v 46.296204 4.000644 -73.133514
v 46.296204 2.392281 -73.206085
v 46.286118 3.996027 -73.031197
v 46.286118 2.387665 -73.103775
v 46.296204 3.991412 -72.928886
v 46.296204 2.383049 -73.001457
v 46.326080 3.986971 -72.830490
v 46.326080 2.378607 -72.903069
v 46.374596 3.982880 -72.739822
v 46.374596 2.374516 -72.812393
v 46.439884 3.979294 -72.660339
v 46.439884 2.370930 -72.732918
v 46.519440 3.976350 -72.595123
v 46.519440 2.367986 -72.667694
v 46.610207 3.974164 -72.546661
v 46.610207 2.365800 -72.619232
v 46.708694 3.972816 -72.516808
v 46.708694 2.364452 -72.589378
v 46.811115 3.972362 -72.506729
v 46.811115 2.363997 -72.579308
v 46.913540 3.972816 -72.516808
v 46.913540 2.364452 -72.589378
v 47.012024 3.974164 -72.546661
v 47.012024 2.365800 -72.619232
v 47.102791 3.976350 -72.595123
v 47.102791 2.367986 -72.667694
v 47.182346 3.979294 -72.660339
v 47.182346 2.370930 -72.732918
v 47.247639 3.982880 -72.739822
v 47.247639 2.374516 -72.812393
v 47.296150 3.986971 -72.830490
v 47.296150 2.378607 -72.903069
v 47.326027 3.991412 -72.928886
v 47.326027 2.383049 -73.001457
v 47.375069 4.100984 -73.138756
v 47.386116 4.095926 -73.026688
v 47.342346 4.105844 -73.246506
v 47.289211 4.110327 -73.345810
v 47.217701 4.114254 -73.432854
v 47.130569 4.117477 -73.504288
v 47.031158 4.119873 -73.557373
v 46.923294 4.121348 -73.590065
v 46.811115 4.121846 -73.601097
v 46.698940 4.121348 -73.590065
v 46.591072 4.119873 -73.557373
v 46.491665 4.117477 -73.504288
v 46.404530 4.114254 -73.432854
v 46.333019 4.110327 -73.345810
v 46.279884 4.105844 -73.246506
v 46.247166 4.100984 -73.138756
v 46.236115 4.095926 -73.026688
v 46.247166 4.090868 -72.914619
v 46.279884 4.086007 -72.806862
v 46.333019 4.081526 -72.707558
v 46.404530 4.077598 -72.620506
v 46.491665 4.074375 -72.549080
v 46.591072 4.071980 -72.496002
v 46.698940 4.070503 -72.463303
v 46.811115 4.070005 -72.452271
v 46.923294 4.070503 -72.463303
v 47.031158 4.071980 -72.496002
v 47.130569 4.074375 -72.549080
v 47.217701 4.077598 -72.620506
v 47.289211 4.081526 -72.707558
v 47.342346 4.086007 -72.806862
v 47.375069 4.090868 -72.914619
v 47.111115 4.095926 -73.026688
v 47.105350 4.098564 -73.085152
v 47.105350 3.998666 -73.089661
v 47.111115 3.996027 -73.031197
v 47.088280 4.101101 -73.141373
v 47.088280 4.001204 -73.145889
v 47.060558 4.103439 -73.193184
v 47.060558 4.003541 -73.197701
v 47.023247 4.105489 -73.238602
v 47.023247 4.005590 -73.243118
v 46.977787 4.107170 -73.275864
v 46.977787 4.007272 -73.280380
v 46.925922 4.108419 -73.303566
v 46.925922 4.008523 -73.308083
v 46.869644 4.109191 -73.320618
v 46.869644 4.009292 -73.325134
v 46.811115 4.109449 -73.326378
v 46.811115 4.009552 -73.330894
v 46.752590 4.109191 -73.320618
v 46.752590 4.009292 -73.325134
v 46.696312 4.108419 -73.303566
v 46.696312 4.008523 -73.308083
v 46.644444 4.107170 -73.275864
v 46.644444 4.007272 -73.280380
v 46.598984 4.105489 -73.238602
v 46.598984 4.005590 -73.243118
v 46.561676 4.103439 -73.193184
v 46.561676 4.003541 -73.197701
v 46.533951 4.101101 -73.141373
v 46.533951 4.001204 -73.145889
v 46.516880 4.098564 -73.085152
v 46.516880 3.998666 -73.089661
v 46.511116 4.095926 -73.026688
v 46.511116 3.996027 -73.031197
v 46.516880 4.093287 -72.968216
v 46.516880 3.993390 -72.972725
v 46.533951 4.090751 -72.911995
v 46.533951 3.990852 -72.916512
v 46.561676 4.088411 -72.860176
v 46.561676 3.988515 -72.864693
v 46.598984 4.086364 -72.814766
v 46.598984 3.986465 -72.819283
v 46.644444 4.084682 -72.777504
v 46.644444 3.984785 -72.782021
v 46.696312 4.083432 -72.749802
v 46.696312 3.983534 -72.754318
v 46.752590 4.082663 -72.732742
v 46.752590 3.982765 -72.737259
v 46.811115 4.082402 -72.726990
v 46.811115 3.982504 -72.731506
v 46.869644 4.082663 -72.732742
v 46.869644 3.982765 -72.737259
v 46.925922 4.083432 -72.749802
v 46.925922 3.983534 -72.754318
v 46.977787 4.084682 -72.777504
v 46.977787 3.984785 -72.782021
v 47.023247 4.086364 -72.814766
v 47.023247 3.986465 -72.819283
v 47.060558 4.088411 -72.860176
v 47.060558 3.988515 -72.864693
v 47.088280 4.090751 -72.911995
v 47.088280 3.990852 -72.916512
v 47.105350 4.093287 -72.968216
v 47.105350 3.993390 -72.972725
v 20.795116 4.784454 -87.176041
v 20.782625 4.790171 -87.302711
v 20.782625 4.940018 -87.295959
v 20.795116 4.934301 -87.169273
v 20.745638 4.795667 -87.424530
v 20.745638 4.945515 -87.417763
v 20.685572 4.800732 -87.536789
v 20.685572 4.950580 -87.530029
v 20.604734 4.805172 -87.635193
v 20.604734 4.955019 -87.628426
v 20.506235 4.808817 -87.715942
v 20.506235 4.958663 -87.709183
v 20.393860 4.811525 -87.775948
v 20.393860 4.961371 -87.769188
v 20.271923 4.813190 -87.812904
v 20.271923 4.963038 -87.806137
v 20.145117 4.813753 -87.825378
v 20.145117 4.963601 -87.818611
v 20.018307 4.813190 -87.812904
v 20.018307 4.963038 -87.806137
v 19.896372 4.811525 -87.775948
v 19.896372 4.961371 -87.769188
v 19.783995 4.808817 -87.715942
v 19.783995 4.958663 -87.709183
v 19.685495 4.805172 -87.635193
v 19.685495 4.955019 -87.628426
v 19.604660 4.800732 -87.536789
v 19.604660 4.950580 -87.530029
v 19.544594 4.795667 -87.424530
v 19.544594 4.945515 -87.417763
v 19.507605 4.790171 -87.302711
v 19.507605 4.940018 -87.295959
v 19.495115 4.784454 -87.176041
v 19.495115 4.934301 -87.169273
v 19.507605 4.778738 -87.049355
v 19.507605 4.928584 -87.042595
v 19.544594 4.773242 -86.927551
v 19.544594 4.923089 -86.920784
v 19.604660 4.768176 -86.815277
v 19.604660 4.918022 -86.808517
v 19.685495 4.763734 -86.716888
v 19.685495 4.913582 -86.710121
v 19.783995 4.760092 -86.636131
v 19.783995 4.909941 -86.629372
v 19.896372 4.757384 -86.576134
v 19.896372 4.907231 -86.569366
v 20.018307 4.755715 -86.539169
v 20.018307 4.905563 -86.532417
v 20.145117 4.755153 -86.526703
v 20.145117 4.905001 -86.519943
v 20.271923 4.755715 -86.539169
v 20.271923 4.905563 -86.532417
v 20.393860 4.757384 -86.576134
v 20.393860 4.907231 -86.569366
v 20.506235 4.760092 -86.636131
v 20.506235 4.909941 -86.629372
v 20.604734 4.763734 -86.716888
v 20.604734 4.913582 -86.710121
v 20.685572 4.768176 -86.815277
v 20.685572 4.918022 -86.808517
v 20.745638 4.773242 -86.927551
v 20.745638 4.923089 -86.920784
v 20.782625 4.778738 -87.049355
v 20.782625 4.928584 -87.042595
v 20.145117 4.784454 -87.176041
v 20.145117 4.934301 -87.169273
v 20.720116 4.934301 -87.169273
v 20.709066 4.939357 -87.281342
v 20.709066 6.158116 -87.226341
v 20.720116 6.153061 -87.114273
v 20.676346 4.944220 -87.389091
v 20.676346 6.162978 -87.334099
v 20.623211 4.948701 -87.488403
v 20.623211 6.167459 -87.433411
v 20.551702 4.952628 -87.575447
v 20.551702 6.171389 -87.520439
v 20.464569 4.955853 -87.646881
v 20.464569 6.174611 -87.591873
v 20.365158 4.958247 -87.699966
v 20.365158 6.177006 -87.644966
v 20.257294 4.959723 -87.732651
v 20.257294 6.178482 -87.677650
v 20.145117 4.960221 -87.743690
v 20.145117 6.178981 -87.688690
v 20.032940 4.959723 -87.732651
v 20.032940 6.178482 -87.677650
v 19.925074 4.958247 -87.699966
v 19.925074 6.177006 -87.644966
v 19.825663 4.955853 -87.646881
v 19.825663 6.174611 -87.591873
v 19.738529 4.952628 -87.575447
v 19.738529 6.171389 -87.520439
v 19.667021 4.948701 -87.488403
v 19.667021 6.167459 -87.433411
v 19.613886 4.944220 -87.389091
v 19.613886 6.162978 -87.334099
v 19.581163 4.939357 -87.281342
v 19.581163 6.158116 -87.226341
v 19.570116 4.934301 -87.169273
v 19.570116 6.153061 -87.114273
v 19.581163 4.929244 -87.057213
v 19.581163 6.148004 -87.002213
v 19.613886 4.924382 -86.949455
v 19.613886 6.143141 -86.894455
v 19.667021 4.919901 -86.850143
v 19.667021 6.138659 -86.795143
v 19.738529 4.915972 -86.763100
v 19.738529 6.134730 -86.708092
v 19.825663 4.912747 -86.691658
v 19.825663 6.131508 -86.636665
v 19.925074 4.910355 -86.638588
v 19.925074 6.129112 -86.583588
v 20.032940 4.908878 -86.605888
v 20.032940 6.127637 -86.550896
v 20.145117 4.908381 -86.594856
v 20.145117 6.127140 -86.539856
v 20.257294 4.908878 -86.605888
v 20.257294 6.127637 -86.550896
v 20.365158 4.910355 -86.638588
v 20.365158 6.129112 -86.583588
v 20.464569 4.912747 -86.691658
v 20.464569 6.131508 -86.636665
v 20.551702 4.915972 -86.763100
v 20.551702 6.134730 -86.708092
v 20.623211 4.919901 -86.850143
v 20.623211 6.138659 -86.795143
v 20.676346 4.924382 -86.949455
v 20.676346 6.143141 -86.894455
v 20.709066 4.929244 -87.057213
v 20.709066 6.148004 -87.002213
v 20.670116 6.153061 -87.114273
v 20.660028 6.157678 -87.216591
v 20.660028 4.938919 -87.271591
v 20.670116 4.934301 -87.169273
v 20.630152 6.162117 -87.314980
v 20.630152 4.943357 -87.369987
v 20.581636 6.166207 -87.405655
v 20.581636 4.947449 -87.460648
v 20.516348 6.169795 -87.485130
v 20.516348 4.951035 -87.540131
v 20.436790 6.172736 -87.550346
v 20.436790 4.953978 -87.605354
v 20.346024 6.174925 -87.598816
v 20.346024 4.956166 -87.653816
v 20.247538 6.176270 -87.628662
v 20.247538 4.957511 -87.683662
v 20.145117 6.176726 -87.638741
v 20.145117 4.957968 -87.693741
v 20.042692 6.176270 -87.628662
v 20.042692 4.957511 -87.683662
v 19.944206 6.174925 -87.598816
v 19.944206 4.956166 -87.653816
v 19.853441 6.172736 -87.550346
v 19.853441 4.953978 -87.605354
v 19.773886 6.169795 -87.485130
v 19.773886 4.951035 -87.540131
v 19.708593 6.166207 -87.405655
v 19.708593 4.947449 -87.460648
v 19.660078 6.162117 -87.314980
v 19.660078 4.943357 -87.369987
v 19.630203 6.157678 -87.216591
v 19.630203 4.938919 -87.271591
v 19.620115 6.153061 -87.114273
v 19.620115 4.934301 -87.169273
v 19.630203 6.148442 -87.011963
v 19.630203 4.929683 -87.066956
v 19.660078 6.144003 -86.913574
v 19.660078 4.925244 -86.968575
v 19.708593 6.139912 -86.822899
v 19.708593 4.921153 -86.877899
v 19.773886 6.136324 -86.743416
v 19.773886 4.917565 -86.798416
v 19.853441 6.133383 -86.678207
v 19.853441 4.914624 -86.733200
v 19.944206 6.131195 -86.629738
v 19.944206 4.912436 -86.684731
v 20.042692 6.129848 -86.599884
v 20.042692 4.911089 -86.654892
v 20.145117 6.129395 -86.589813
v 20.145117 4.910635 -86.644814
v 20.247538 6.129848 -86.599884
v 20.247538 4.911089 -86.654892
v 20.346024 6.131195 -86.629738
v 20.346024 4.912436 -86.684731
v 20.436790 6.133383 -86.678207
v 20.436790 4.914624 -86.733200
v 20.516348 6.136324 -86.743416
v 20.516348 4.917565 -86.798416
v 20.581636 6.139912 -86.822899
v 20.581636 4.921153 -86.877899
v 20.630152 6.144003 -86.913574
v 20.630152 4.925244 -86.968575
v 20.660028 6.148442 -87.011963
v 20.660028 4.929683 -87.066956
v 20.709066 6.258017 -87.221832
v 20.720116 6.252958 -87.109764
v 20.676346 6.262877 -87.329590
v 20.623211 6.267360 -87.428902
v 20.551702 6.271286 -87.515938
v 20.464569 6.274511 -87.587372
v 20.365158 6.276905 -87.640457
v 20.257294 6.278380 -87.673149
v 20.145117 6.278877 -87.684181
v 20.032940 6.278380 -87.673149
v 19.925074 6.276905 -87.640457
v 19.825663 6.274511 -87.587372
v 19.738529 6.271286 -87.515938
v 19.667021 6.267360 -87.428902
v 19.613886 6.262877 -87.329590
v 19.581163 6.258017 -87.221832
v 19.570116 6.252958 -87.109764
v 19.581163 6.247904 -86.997704
v 19.613886 6.243040 -86.889954
v 19.667021 6.238558 -86.790642
v 19.738529 6.234630 -86.703598
v 19.825663 6.231406 -86.632156
v 19.925074 6.229012 -86.579079
v 20.032940 6.227537 -86.546387
v 20.145117 6.227038 -86.535355
v 20.257294 6.227537 -86.546387
v 20.365158 6.229012 -86.579079
v 20.464569 6.231406 -86.632156
v 20.551702 6.234630 -86.703598
v 20.623211 6.238558 -86.790642
v 20.676346 6.243040 -86.889954
v 20.709066 6.247904 -86.997704
v 20.445116 6.252958 -87.109764
v 20.439350 6.255599 -87.168243
v 20.439350 6.155699 -87.172745
v 20.445116 6.153061 -87.114273
v 20.422279 6.258135 -87.224457
v 20.422279 6.158235 -87.228958
v 20.394558 6.260470 -87.276268
v 20.394558 6.160573 -87.280777
v 20.357248 6.262522 -87.321693
v 20.357248 6.162623 -87.326195
v 20.311787 6.264203 -87.358955
v 20.311787 6.164304 -87.363464
v 20.259920 6.265454 -87.386650
v 20.259920 6.165554 -87.391159
v 20.203644 6.266221 -87.403702
v 20.203644 6.166323 -87.408203
v 20.145117 6.266483 -87.409462
v 20.145117 6.166584 -87.413971
v 20.086590 6.266221 -87.403702
v 20.086590 6.166323 -87.408203
v 20.030312 6.265454 -87.386650
v 20.030312 6.165554 -87.391159
v 19.978445 6.264203 -87.358955
v 19.978445 6.164304 -87.363464
v 19.932983 6.262522 -87.321693
v 19.932983 6.162623 -87.326195
v 19.895676 6.260470 -87.276268
v 19.895676 6.160573 -87.280777
v 19.867952 6.258135 -87.224457
v 19.867952 6.158235 -87.228958
v 19.850880 6.255599 -87.168243
v 19.850880 6.155699 -87.172745
v 19.845116 6.252958 -87.109764
v 19.845116 6.153061 -87.114273
v 19.850880 6.250320 -87.051300
v 19.850880 6.150421 -87.055801
v 19.867952 6.247783 -86.995079
v 19.867952 6.147884 -86.999588
v 19.895676 6.245445 -86.943268
v 19.895676 6.145548 -86.947769
v 19.932983 6.243396 -86.897850
v 19.932983 6.143497 -86.902359
v 19.978445 6.241714 -86.860588
v 19.978445 6.141815 -86.865089
v 20.030312 6.240463 -86.832886
v 20.030312 6.140564 -86.837387
v 20.086590 6.239695 -86.815826
v 20.086590 6.139796 -86.820335
v 20.145117 6.239435 -86.810081
v 20.145117 6.139536 -86.814583
v 20.203644 6.239695 -86.815826
v 20.203644 6.139796 -86.820335
v 20.259920 6.240463 -86.832886
v 20.259920 6.140564 -86.837387
v 20.311787 6.241714 -86.860588
v 20.311787 6.141815 -86.865089
v 20.357248 6.243396 -86.897850
v 20.357248 6.143497 -86.902359
v 20.394558 6.245445 -86.943268
v 20.394558 6.145548 -86.947769
v 20.422279 6.247783 -86.995079
v 20.422279 6.147884 -86.999588
v 20.439350 6.250320 -87.051300
v 20.439350 6.150421 -87.055801
v 31.556116 4.661488 -105.081787
v 31.543627 4.667202 -105.208458
v 31.543627 4.817051 -105.201698
v 31.556116 4.811333 -105.075020
v 31.506638 4.672701 -105.330276
v 31.506638 4.822548 -105.323509
v 31.446571 4.677767 -105.442535
v 31.446571 4.827614 -105.435776
v 31.365734 4.682205 -105.540939
v 31.365734 4.832052 -105.534172
v 31.267237 4.685850 -105.621681
v 31.267237 4.835695 -105.614922
v 31.154860 4.688557 -105.681694
v 31.154860 4.838404 -105.674927
v 31.032925 4.690226 -105.718651
v 31.032925 4.840073 -105.711891
v 30.906116 4.690788 -105.731125
v 30.906116 4.840635 -105.724365
v 30.779306 4.690226 -105.718651
v 30.779306 4.840073 -105.711891
v 30.657372 4.688557 -105.681694
v 30.657372 4.838404 -105.674927
v 30.544994 4.685850 -105.621681
v 30.544994 4.835695 -105.614922
v 30.446495 4.682205 -105.540939
v 30.446495 4.832052 -105.534172
v 30.365660 4.677767 -105.442535
v 30.365660 4.827614 -105.435776
v 30.305593 4.672701 -105.330276
v 30.305593 4.822548 -105.323509
v 30.268604 4.667202 -105.208458
v 30.268604 4.817051 -105.201698
v 30.256117 4.661488 -105.081787
v 30.256117 4.811333 -105.075020
v 30.268604 4.655769 -104.955101
v 30.268604 4.805618 -104.948341
v 30.305593 4.650274 -104.833290
v 30.305593 4.800121 -104.826523
v 30.365660 4.645208 -104.721031
v 30.365660 4.795055 -104.714272
v 30.446495 4.640770 -104.622635
v 30.446495 4.790617 -104.615875
v 30.544994 4.637125 -104.541878
v 30.544994 4.786972 -104.535118
v 30.657372 4.634417 -104.481873
v 30.657372 4.784264 -104.475105
v 30.779306 4.632750 -104.444923
v 30.779306 4.782597 -104.438156
v 30.906116 4.632187 -104.432449
v 30.906116 4.782034 -104.425682
v 31.032925 4.632750 -104.444923
v 31.032925 4.782597 -104.438156
v 31.154860 4.634417 -104.481873
v 31.154860 4.784264 -104.475105
v 31.267237 4.637125 -104.541878
v 31.267237 4.786972 -104.535118
v 31.365734 4.640770 -104.622635
v 31.365734 4.790617 -104.615875
v 31.446571 4.645208 -104.721031
v 31.446571 4.795055 -104.714272
v 31.506638 4.650274 -104.833290
v 31.506638 4.800121 -104.826523
v 31.543627 4.655769 -104.955101
v 31.543627 4.805618 -104.948341
v 30.906116 4.661488 -105.081787
v 30.906116 4.811333 -105.075020
v 31.481115 4.811333 -105.075020
v 31.470066 4.816391 -105.187080
v 31.470066 7.085083 -105.084709
v 31.481115 7.080025 -104.972656
v 31.437346 4.821253 -105.294838
v 31.437346 7.089944 -105.192459
v 31.384211 4.825735 -105.394157
v 31.384211 7.094427 -105.291779
v 31.312702 4.829660 -105.481194
v 31.312702 7.098353 -105.378822
v 31.225569 4.832884 -105.552628
v 31.225569 7.101578 -105.450256
v 31.126160 4.835281 -105.605713
v 31.126160 7.103972 -105.503342
v 31.018293 4.836756 -105.638390
v 31.018293 7.105448 -105.536018
v 30.906116 4.837254 -105.649437
v 30.906116 7.105945 -105.547058
v 30.793940 4.836756 -105.638390
v 30.793940 7.105448 -105.536018
v 30.686073 4.835281 -105.605713
v 30.686073 7.103972 -105.503342
v 30.586662 4.832884 -105.552628
v 30.586662 7.101578 -105.450256
v 30.499529 4.829660 -105.481194
v 30.499529 7.098353 -105.378822
v 30.428020 4.825735 -105.394157
v 30.428020 7.094427 -105.291779
v 30.374886 4.821253 -105.294838
v 30.374886 7.089944 -105.192459
v 30.342163 4.816391 -105.187080
v 30.342163 7.085083 -105.084709
v 30.331116 4.811333 -105.075020
v 30.331116 7.080025 -104.972656
v 30.342163 4.806278 -104.962967
v 30.342163 7.074970 -104.860596
v 30.374886 4.801416 -104.855202
v 30.374886 7.070107 -104.752831
v 30.428020 4.796932 -104.755890
v 30.428020 7.065624 -104.653519
v 30.499529 4.793007 -104.668846
v 30.499529 7.061699 -104.566475
v 30.586662 4.789782 -104.597412
v 30.586662 7.058474 -104.495033
v 30.686073 4.787388 -104.544327
v 30.686073 7.056079 -104.441956
v 30.793940 4.785912 -104.511650
v 30.793940 7.054604 -104.409271
v 30.906116 4.785414 -104.500595
v 30.906116 7.054106 -104.398224
v 31.018293 4.785912 -104.511650
v 31.018293 7.054604 -104.409271
v 31.126160 4.787388 -104.544327
v 31.126160 7.056079 -104.441956
v 31.225569 4.789782 -104.597412
v 31.225569 7.058474 -104.495033
v 31.312702 4.793007 -104.668846
v 31.312702 7.061699 -104.566475
v 31.384211 4.796932 -104.755890
v 31.384211 7.065624 -104.653519
v 31.437346 4.801416 -104.855202
v 31.437346 7.070107 -104.752831
v 31.470066 4.806278 -104.962967
v 31.470066 7.074970 -104.860596
v 31.431116 7.080025 -104.972656
v 31.421028 7.084642 -105.074974
v 31.421028 4.815950 -105.177345
v 31.431116 4.811333 -105.075020
v 31.391151 7.089084 -105.173355
v 31.391151 4.820393 -105.275726
v 31.342636 7.093174 -105.264023
v 31.342636 4.824482 -105.366402
v 31.277348 7.096762 -105.343498
v 31.277348 4.828070 -105.445869
v 31.197790 7.099704 -105.408730
v 31.197790 4.831011 -105.511101
v 31.107023 7.101892 -105.457199
v 31.107023 4.833199 -105.559570
v 31.008537 7.103236 -105.487030
v 31.008537 4.834545 -105.589401
v 30.906116 7.103691 -105.497116
v 30.906116 4.834999 -105.599487
v 30.803694 7.103236 -105.487030
v 30.803694 4.834545 -105.589401
v 30.705208 7.101892 -105.457199
v 30.705208 4.833199 -105.559570
v 30.614441 7.099704 -105.408730
v 30.614441 4.831011 -105.511101
v 30.534885 7.096762 -105.343498
v 30.534885 4.828070 -105.445869
v 30.469593 7.093174 -105.264023
v 30.469593 4.824482 -105.366402
v 30.421080 7.089084 -105.173355
v 30.421080 4.820393 -105.275726
v 30.391203 7.084642 -105.074974
v 30.391203 4.815950 -105.177345
v 30.381117 7.080025 -104.972656
v 30.381117 4.811333 -105.075020
v 30.391203 7.075409 -104.870323
v 30.391203 4.806717 -104.972702
v 30.421080 7.070970 -104.771942
v 30.421080 4.802279 -104.874313
v 30.469593 7.066879 -104.681274
v 30.469593 4.798187 -104.783646
v 30.534885 7.063291 -104.601799
v 30.534885 4.794600 -104.704170
v 30.614441 7.060349 -104.536568
v 30.614441 4.791658 -104.638947
v 30.705208 7.058162 -104.488098
v 30.705208 4.789471 -104.590477
v 30.803694 7.056815 -104.458260
v 30.803694 4.788124 -104.560631
v 30.906116 7.056360 -104.448189
v 30.906116 4.787668 -104.550560
v 31.008537 7.056815 -104.458260
v 31.008537 4.788124 -104.560631
v 31.107023 7.058162 -104.488098
v 31.107023 4.789471 -104.590477
v 31.197790 7.060349 -104.536568
v 31.197790 4.791658 -104.638947
v 31.277348 7.063291 -104.601799
v 31.277348 4.794600 -104.704170
v 31.342636 7.066879 -104.681274
v 31.342636 4.798187 -104.783646
v 31.391151 7.070970 -104.771942
v 31.391151 4.802279 -104.874313
v 31.421028 7.075409 -104.870323
v 31.421028 4.806717 -104.972702
v 31.470066 7.184981 -105.080193
v 31.481115 7.179923 -104.968140
v 31.437346 7.189842 -105.187950
v 31.384211 7.194324 -105.287270
v 31.312702 7.198251 -105.374306
v 31.225569 7.201473 -105.445747
v 31.126160 7.203870 -105.498825
v 31.018293 7.205346 -105.531509
v 30.906116 7.205843 -105.542549
v 30.793940 7.205346 -105.531509
v 30.686073 7.203870 -105.498825
v 30.586662 7.201473 -105.445747
v 30.499529 7.198251 -105.374306
v 30.428020 7.194324 -105.287270
v 30.374886 7.189842 -105.187950
v 30.342163 7.184981 -105.080193
v 30.331116 7.179923 -104.968140
v 30.342163 7.174869 -104.856079
v 30.374886 7.170006 -104.748322
v 30.428020 7.165523 -104.649010
v 30.499529 7.161595 -104.561958
v 30.586662 7.158372 -104.490524
v 30.686073 7.155977 -104.437439
v 30.793940 7.154502 -104.404762
v 30.906116 7.154003 -104.393715
v 31.018293 7.154502 -104.404762
v 31.126160 7.155977 -104.437439
v 31.225569 7.158372 -104.490524
v 31.312702 7.161595 -104.561958
v 31.384211 7.165523 -104.649010
v 31.437346 7.170006 -104.748322
v 31.470066 7.174869 -104.856079
v 31.206116 7.179923 -104.968140
v 31.200352 7.182562 -105.026596
v 31.200352 7.082664 -105.031113
v 31.206116 7.080025 -104.972656
v 31.183281 7.185100 -105.082825
v 31.183281 7.085201 -105.087334
v 31.155558 7.187436 -105.134636
v 31.155558 7.087538 -105.139145
v 31.118248 7.189485 -105.180046
v 31.118248 7.089586 -105.184555
v 31.072786 7.191168 -105.217331
v 31.072786 7.091269 -105.221840
v 31.020922 7.192415 -105.245010
v 31.020922 7.092519 -105.249519
v 30.964643 7.193186 -105.262070
v 30.964643 7.093288 -105.266579
v 30.906116 7.193448 -105.267830
v 30.906116 7.093550 -105.272339
v 30.847589 7.193186 -105.262070
v 30.847589 7.093288 -105.266579
v 30.791311 7.192415 -105.245010
v 30.791311 7.092519 -105.249519
v 30.739445 7.191168 -105.217331
v 30.739445 7.091269 -105.221840
v 30.693983 7.189485 -105.180046
v 30.693983 7.089586 -105.184555
v 30.656675 7.187436 -105.134636
v 30.656675 7.087538 -105.139145
v 30.628952 7.185100 -105.082825
v 30.628952 7.085201 -105.087334
v 30.611879 7.182562 -105.026596
v 30.611879 7.082664 -105.031113
v 30.606115 7.179923 -104.968140
v 30.606115 7.080025 -104.972656
v 30.611879 7.177285 -104.909668
v 30.611879 7.077387 -104.914185
v 30.628952 7.174748 -104.853447
v 30.628952 7.074850 -104.857956
v 30.656675 7.172410 -104.801636
v 30.656675 7.072512 -104.806152
v 30.693983 7.170361 -104.756218
v 30.693983 7.070462 -104.760727
v 30.739445 7.168679 -104.718941
v 30.739445 7.068781 -104.723457
v 30.791311 7.167429 -104.691246
v 30.791311 7.067531 -104.695763
v 30.847589 7.166659 -104.674202
v 30.847589 7.066761 -104.678711
v 30.906116 7.166400 -104.668434
v 30.906116 7.066502 -104.672951
v 30.964643 7.166659 -104.674202
v 30.964643 7.066761 -104.678711
v 31.020922 7.167429 -104.691246
v 31.020922 7.067531 -104.695763
v 31.072786 7.168679 -104.718941
v 31.072786 7.068781 -104.723457
v 31.118248 7.170361 -104.756218
v 31.118248 7.070462 -104.760727
v 31.155558 7.172410 -104.801636
v 31.155558 7.072512 -104.806152
v 31.183281 7.174748 -104.853447
v 31.183281 7.074850 -104.857956
v 31.200352 7.177285 -104.909668
v 31.200352 7.077387 -104.914185
vn 0.9952 0.0044 -0.0979
vn 0.9569 0.0131 -0.2900
vn 0.8819 0.0212 -0.4709
vn 0.7730 0.0286 -0.6337
vn 0.6344 0.0349 -0.7722
vn 0.4714 0.0397 -0.8810
vn 0.2902 0.0431 -0.9560
vn 0.0981 0.0449 -0.9942
vn -0.0981 0.0449 -0.9942
vn -0.2902 0.0431 -0.9560
vn -0.4714 0.0397 -0.8810
vn -0.6344 0.0348 -0.7722
vn -0.7730 0.0286 -0.6338
vn -0.8819 0.0212 -0.4709
vn -0.9569 0.0131 -0.2900
vn -0.9952 0.0044 -0.0979
vn -0.9952 -0.0044 0.0979
vn -0.9569 -0.0131 0.2900
vn -0.8819 -0.0212 0.4710
vn -0.7730 -0.0286 0.6337
vn -0.6344 -0.0348 0.7722
vn -0.4714 -0.0397 0.8810
vn -0.2903 -0.0431 0.9560
vn -0.0981 -0.0449 0.9942
vn 0.0981 -0.0449 0.9942
vn 0.2903 -0.0431 0.9560
vn 0.4714 -0.0397 0.8810
vn 0.6344 -0.0348 0.7722
vn 0.7731 -0.0286 0.6337
vn 0.8819 -0.0212 0.4710
vn 0.9569 -0.0131 0.2900
vn 0.9952 -0.0044 0.0979
vn -0.0000 -0.9990 -0.0451
vn -0.0000 0.9990 0.0451
vn 0.8819 0.0213 -0.4709
vn 0.7730 0.0286 -0.6338
vn 0.6344 0.0348 -0.7722
vn 0.4714 0.0398 -0.8810
vn 0.2903 0.0431 -0.9560
vn 0.0980 0.0449 -0.9942
vn -0.0980 0.0449 -0.9942
vn -0.2903 0.0431 -0.9560
vn -0.4714 0.0398 -0.8810
vn -0.8819 -0.0212 0.4709
vn -0.6344 -0.0348 0.7723
vn -0.4714 -0.0398 0.8810
vn -0.0980 -0.0449 0.9942
vn 0.0980 -0.0449 0.9942
vn 0.4714 -0.0398 0.8810
vn 0.7730 -0.0286 0.6337
vn 0.8819 -0.0212 0.4709
vn -0.8819 -0.0213 0.4709
vn -0.7730 -0.0286 0.6338
vn -0.4713 -0.0398 0.8811
vn 0.4713 -0.0398 0.8811
vn 0.7730 -0.0286 0.6338
vn 0.4713 0.0398 -0.8811
vn -0.4713 0.0398 -0.8811
vn -0.7730 0.0286 -0.6337
vn -0.8819 0.0213 -0.4709
vn 0.2903 0.0432 -0.9560
vn -0.2903 0.0432 -0.9560
vn -0.6344 0.0349 -0.7722
vn -0.6343 -0.0349 0.7723
vn -0.2903 -0.0432 0.9560
vn 0.2903 -0.0432 0.9560
vn 0.6343 -0.0349 0.7723
vn 0.8819 -0.0213 0.4709
vn -0.6344 -0.0349 0.7722
vn -0.4715 -0.0398 0.8810
vn -0.2902 -0.0432 0.9560
vn -0.0982 -0.0449 0.9942
vn 0.0982 -0.0449 0.9942
vn 0.2902 -0.0432 0.9560
vn 0.6344 -0.0349 0.7722
vn 0.8819 -0.0213 0.4710
vn 0.6344 0.0349 -0.7723
vn 0.2904 0.0432 -0.9559
vn -0.2904 0.0432 -0.9559
vn -0.4715 0.0398 -0.8810
vn -0.7729 0.0286 -0.6338
vn -0.2902 -0.0431 0.9560
vn 0.2902 -0.0431 0.9560
vn -0.2903 -0.0431 0.9559
vn 0.2904 -0.0431 0.9559
vn 0.6343 0.0349 -0.7723
vn -0.6343 0.0349 -0.7723
vn -0.7731 0.0286 -0.6337
vn 0.4715 0.0397 -0.8810
vn 0.0980 0.0448 -0.9942
vn -0.0980 0.0448 -0.9942
vn -0.4715 0.0397 -0.8810
vn -0.6343 0.0348 -0.7723
vn -0.0980 -0.0448 0.9942
vn 0.0980 -0.0448 0.9942
vn 0.6343 -0.0348 0.7723
vn -0.6343 -0.0348 0.7723
vn 0.6343 0.0348 -0.7723
vn 0.2904 0.0431 -0.9559
vn 0.0979 0.0448 -0.9942
vn -0.0979 0.0448 -0.9942
vn -0.2905 0.0431 -0.9559
vn -0.9952 0.0044 -0.0980
vn 0.2903 0.0431 -0.9559
vn -0.2903 0.0431 -0.9559
vn -0.6344 0.0348 -0.7723
vn 0.6344 0.0348 -0.7723
vn -0.8819 0.0212 -0.4710
vn 0.2902 0.0432 -0.9560
vn 0.0979 0.0449 -0.9942
vn -0.0979 0.0449 -0.9942
vn -0.2902 0.0432 -0.9560
vn -0.6345 -0.0349 0.7721
vn -0.2904 -0.0432 0.9559
vn -0.0979 -0.0449 0.9942
vn 0.0979 -0.0449 0.9942
vn 0.2904 -0.0432 0.9559
vn 0.6345 -0.0349 0.7721
vn 0.8819 0.0213 -0.4710
vn 0.7729 0.0287 -0.6339
vn 0.4713 0.0398 -0.8810
vn -0.7731 0.0286 -0.6336
vn -0.8819 0.0213 -0.4710
s 1
usemtl MANHOLE_PROP_CONCRETE
f 1//1 2//1 3//1 4//1
f 2//2 5//2 6//2 3//2
f 5//3 7//3 8//3 6//3
f 7//4 9//4 10//4 8//4
f 9//5 11//5 12//5 10//5
f 11//6 13//6 14//6 12//6
f 13//7 15//7 16//7 14//7
f 15//8 17//8 18//8 16//8
f 17//9 19//9 20//9 18//9
f 19//10 21//10 22//10 20//10
f 21//11 23//11 24//11 22//11
f 23//12 25//12 26//12 24//12
f 25//13 27//13 28//13 26//13
f 27//14 29//14 30//14 28//14
f 29//15 31//15 32//15 30//15
f 31//16 33//16 34//16 32//16
f 33//17 35//17 36//17 34//17
f 35//18 37//18 38//18 36//18
f 37//19 39//19 40//19 38//19
f 39//20 41//20 42//20 40//20
f 41//21 43//21 44//21 42//21
f 43//22 45//22 46//22 44//22
f 45//23 47//23 48//23 46//23
f 47//24 49//24 50//24 48//24
f 49//25 51//25 52//25 50//25
f 51//26 53//26 54//26 52//26
f 53//27 55//27 56//27 54//27
f 55//28 57//28 58//28 56//28
f 57//29 59//29 60//29 58//29
f 59//30 61//30 62//30 60//30
f 61//31 63//31 64//31 62//31
f 63//32 1//32 4//32 64//32
f 65//33 2//33 1//33
f 65//33 5//33 2//33
f 65//33 7//33 5//33
f 65//33 9//33 7//33
f 65//33 11//33 9//33
f 65//33 13//33 11//33
f 65//33 15//33 13//33
f 65//33 17//33 15//33
f 65//33 19//33 17//33
f 65//33 21//33 19//33
f 65//33 23//33 21//33
f 65//33 25//33 23//33
f 65//33 27//33 25//33
f 65//33 29//33 27//33
f 65//33 31//33 29//33
f 65//33 33//33 31//33
f 65//33 35//33 33//33
f 65//33 37//33 35//33
f 65//33 39//33 37//33
f 65//33 41//33 39//33
f 65//33 43//33 41//33
f 65//33 45//33 43//33
f 65//33 47//33 45//33
f 65//33 49//33 47//33
f 65//33 51//33 49//33
f 65//33 53//33 51//33
f 65//33 55//33 53//33
f 65//33 57//33 55//33
f 65//33 59//33 57//33
f 65//33 61//33 59//33
f 65//33 63//33 61//33
f 65//33 1//33 63//33
f 66//34 4//34 3//34
f 66//34 3//34 6//34
f 66//34 6//34 8//34
f 66//34 8//34 10//34
f 66//34 10//34 12//34
f 66//34 12//34 14//34
f 66//34 14//34 16//34
f 66//34 16//34 18//34
f 66//34 18//34 20//34
f 66//34 20//34 22//34
f 66//34 22//34 24//34
f 66//34 24//34 26//34
f 66//34 26//34 28//34
f 66//34 28//34 30//34
f 66//34 30//34 32//34
f 66//34 32//34 34//34
f 66//34 34//34 36//34
f 66//34 36//34 38//34
f 66//34 38//34 40//34
f 66//34 40//34 42//34
f 66//34 42//34 44//34
f 66//34 44//34 46//34
f 66//34 46//34 48//34
f 66//34 48//34 50//34
f 66//34 50//34 52//34
f 66//34 52//34 54//34
f 66//34 54//34 56//34
f 66//34 56//34 58//34
f 66//34 58//34 60//34
f 66//34 60//34 62//34
f 66//34 62//34 64//34
f 66//34 64//34 4//34
f 67//1 68//1 69//1 70//1
f 68//2 71//2 72//2 69//2
f 71//35 73//35 74//35 72//35
f 73//36 75//36 76//36 74//36
f 75//37 77//37 78//37 76//37
f 77//38 79//38 80//38 78//38
f 79//39 81//39 82//39 80//39
f 81//40 83//40 84//40 82//40
f 83//41 85//41 86//41 84//41
f 85//42 87//42 88//42 86//42
f 87//43 89//43 90//43 88//43
f 89//12 91//12 92//12 90//12
f 91//13 93//13 94//13 92//13
f 93//14 95//14 96//14 94//14
f 95//15 97//15 98//15 96//15
f 97//16 99//16 100//16 98//16
f 99//17 101//17 102//17 100//17
f 101//18 103//18 104//18 102//18
f 103//44 105//44 106//44 104//44
f 105//20 107//20 108//20 106//20
f 107//45 109//45 110//45 108//45
f 109//46 111//46 112//46 110//46
f 111//23 113//23 114//23 112//23
f 113//47 115//47 116//47 114//47
f 115//48 117//48 118//48 116//48
f 117//26 119//26 120//26 118//26
f 119//49 121//49 122//49 120//49
f 121//28 123//28 124//28 122//28
f 123//50 125//50 126//50 124//50
f 125//51 127//51 128//51 126//51
f 127//31 129//31 130//31 128//31
f 129//32 67//32 70//32 130//32
f 131//17 132//17 133//17 134//17
f 132//18 135//18 136//18 133//18
f 135//52 137//52 138//52 136//52
f 137//53 139//53 140//53 138//53
f 139//21 141//21 142//21 140//21
f 141//54 143//54 144//54 142//54
f 143//23 145//23 146//23 144//23
f 145//24 147//24 148//24 146//24
f 147//25 149//25 150//25 148//25
f 149//26 151//26 152//26 150//26
f 151//55 153//55 154//55 152//55
f 153//28 155//28 156//28 154//28
f 155//56 157//56 158//56 156//56
f 157//51 159//51 160//51 158//51
f 159//31 161//31 162//31 160//31
f 161//32 163//32 164//32 162//32
f 163//1 165//1 166//1 164//1
f 165//2 167//2 168//2 166//2
f 167//3 169//3 170//3 168//3
f 169//4 171//4 172//4 170//4
f 171//37 173//37 174//37 172//37
f 173//57 175//57 176//57 174//57
f 175//39 177//39 178//39 176//39
f 177//40 179//40 180//40 178//40
f 179//41 181//41 182//41 180//41
f 181//42 183//42 184//42 182//42
f 183//58 185//58 186//58 184//58
f 185//12 187//12 188//12 186//12
f 187//59 189//59 190//59 188//59
f 189//60 191//60 192//60 190//60
f 191//15 193//15 194//15 192//15
f 193//16 131//16 134//16 194//16
f 67//34 68//34 133//34 134//34
f 68//34 71//34 136//34 133//34
f 71//34 73//34 138//34 136//34
f 73//34 75//34 140//34 138//34
f 75//34 77//34 142//34 140//34
f 77//34 79//34 144//34 142//34
f 79//34 81//34 146//34 144//34
f 81//34 83//34 148//34 146//34
f 83//34 85//34 150//34 148//34
f 85//34 87//34 152//34 150//34
f 87//34 89//34 154//34 152//34
f 89//34 91//34 156//34 154//34
f 91//34 93//34 158//34 156//34
f 93//34 95//34 160//34 158//34
f 95//34 97//34 162//34 160//34
f 97//34 99//34 164//34 162//34
f 99//34 101//34 166//34 164//34
f 101//34 103//34 168//34 166//34
f 103//34 105//34 170//34 168//34
f 105//34 107//34 172//34 170//34
f 107//34 109//34 174//34 172//34
f 109//34 111//34 176//34 174//34
f 111//34 113//34 178//34 176//34
f 113//34 115//34 180//34 178//34
f 115//34 117//34 182//34 180//34
f 117//34 119//34 184//34 182//34
f 119//34 121//34 186//34 184//34
f 121//34 123//34 188//34 186//34
f 123//34 125//34 190//34 188//34
f 125//34 127//34 192//34 190//34
f 127//34 129//34 194//34 192//34
f 129//34 67//34 134//34 194//34
f 131//33 132//33 69//33 70//33
f 132//33 135//33 72//33 69//33
f 135//33 137//33 74//33 72//33
f 137//33 139//33 76//33 74//33
f 139//33 141//33 78//33 76//33
f 141//33 143//33 80//33 78//33
f 143//33 145//33 82//33 80//33
f 145//33 147//33 84//33 82//33
f 147//33 149//33 86//33 84//33
f 149//33 151//33 88//33 86//33
f 151//33 153//33 90//33 88//33
f 153//33 155//33 92//33 90//33
f 155//33 157//33 94//33 92//33
f 157//33 159//33 96//33 94//33
f 159//33 161//33 98//33 96//33
f 161//33 163//33 100//33 98//33
f 163//33 165//33 102//33 100//33
f 165//33 167//33 104//33 102//33
f 167//33 169//33 106//33 104//33
f 169//33 171//33 108//33 106//33
f 171//33 173//33 110//33 108//33
f 173//33 175//33 112//33 110//33
f 175//33 177//33 114//33 112//33
f 177//33 179//33 116//33 114//33
f 179//33 181//33 118//33 116//33
f 181//33 183//33 120//33 118//33
f 183//33 185//33 122//33 120//33
f 185//33 187//33 124//33 122//33
f 187//33 189//33 126//33 124//33
f 189//33 191//33 128//33 126//33
f 191//33 193//33 130//33 128//33
f 193//33 131//33 70//33 130//33
f 70//1 69//1 195//1 196//1
f 69//2 72//2 197//2 195//2
f 72//35 74//35 198//35 197//35
f 74//36 76//36 199//36 198//36
f 76//5 78//5 200//5 199//5
f 78//38 80//38 201//38 200//38
f 80//61 82//61 202//61 201//61
f 82//40 84//40 203//40 202//40
f 84//41 86//41 204//41 203//41
f 86//62 88//62 205//62 204//62
f 88//43 90//43 206//43 205//43
f 90//63 92//63 207//63 206//63
f 92//13 94//13 208//13 207//13
f 94//14 96//14 209//14 208//14
f 96//15 98//15 210//15 209//15
f 98//16 100//16 211//16 210//16
f 100//17 102//17 212//17 211//17
f 102//18 104//18 213//18 212//18
f 104//44 106//44 214//44 213//44
f 106//20 108//20 215//20 214//20
f 108//64 110//64 216//64 215//64
f 110//46 112//46 217//46 216//46
f 112//65 114//65 218//65 217//65
f 114//47 116//47 219//47 218//47
f 116//48 118//48 220//48 219//48
f 118//66 120//66 221//66 220//66
f 120//49 122//49 222//49 221//49
f 122//67 124//67 223//67 222//67
f 124//50 126//50 224//50 223//50
f 126//68 128//68 225//68 224//68
f 128//31 130//31 226//31 225//31
f 130//32 70//32 196//32 226//32
f 227//17 228//17 229//17 230//17
f 228//18 231//18 232//18 229//18
f 231//52 233//52 234//52 232//52
f 233//53 235//53 236//53 234//53
f 235//69 237//69 238//69 236//69
f 237//70 239//70 240//70 238//70
f 239//71 241//71 242//71 240//71
f 241//72 243//72 244//72 242//72
f 243//73 245//73 246//73 244//73
f 245//74 247//74 248//74 246//74
f 247//49 249//49 250//49 248//49
f 249//75 251//75 252//75 250//75
f 251//56 253//56 254//56 252//56
f 253//76 255//76 256//76 254//76
f 255//31 257//31 258//31 256//31
f 257//32 259//32 260//32 258//32
f 259//1 261//1 262//1 260//1
f 261//2 263//2 264//2 262//2
f 263//35 265//35 266//35 264//35
f 265//36 267//36 268//36 266//36
f 267//77 269//77 270//77 268//77
f 269//38 271//38 272//38 270//38
f 271//78 273//78 274//78 272//78
f 273//40 275//40 276//40 274//40
f 275//41 277//41 278//41 276//41
f 277//79 279//79 280//79 278//79
f 279//80 281//80 282//80 280//80
f 281//63 283//63 284//63 282//63
f 283//81 285//81 286//81 284//81
f 285//60 287//60 288//60 286//60
f 287//15 289//15 290//15 288//15
f 289//16 227//16 230//16 290//16
f 70//34 69//34 229//34 230//34
f 69//34 72//34 232//34 229//34
f 72//34 74//34 234//34 232//34
f 74//34 76//34 236//34 234//34
f 76//34 78//34 238//34 236//34
f 78//34 80//34 240//34 238//34
f 80//34 82//34 242//34 240//34
f 82//34 84//34 244//34 242//34
f 84//34 86//34 246//34 244//34
f 86//34 88//34 248//34 246//34
f 88//34 90//34 250//34 248//34
f 90//34 92//34 252//34 250//34
f 92//34 94//34 254//34 252//34
f 94//34 96//34 256//34 254//34
f 96//34 98//34 258//34 256//34
f 98//34 100//34 260//34 258//34
f 100//34 102//34 262//34 260//34
f 102//34 104//34 264//34 262//34
f 104//34 106//34 266//34 264//34
f 106//34 108//34 268//34 266//34
f 108//34 110//34 270//34 268//34
f 110//34 112//34 272//34 270//34
f 112//34 114//34 274//34 272//34
f 114//34 116//34 276//34 274//34
f 116//34 118//34 278//34 276//34
f 118//34 120//34 280//34 278//34
f 120//34 122//34 282//34 280//34
f 122//34 124//34 284//34 282//34
f 124//34 126//34 286//34 284//34
f 126//34 128//34 288//34 286//34
f 128//34 130//34 290//34 288//34
f 130//34 70//34 230//34 290//34
f 227//33 228//33 195//33 196//33
f 228//33 231//33 197//33 195//33
f 231//33 233//33 198//33 197//33
f 233//33 235//33 199//33 198//33
f 235//33 237//33 200//33 199//33
f 237//33 239//33 201//33 200//33
f 239//33 241//33 202//33 201//33
f 241//33 243//33 203//33 202//33
f 243//33 245//33 204//33 203//33
f 245//33 247//33 205//33 204//33
f 247//33 249//33 206//33 205//33
f 249//33 251//33 207//33 206//33
f 251//33 253//33 208//33 207//33
f 253//33 255//33 209//33 208//33
f 255//33 257//33 210//33 209//33
f 257//33 259//33 211//33 210//33
f 259//33 261//33 212//33 211//33
f 261//33 263//33 213//33 212//33
f 263//33 265//33 214//33 213//33
f 265//33 267//33 215//33 214//33
f 267//33 269//33 216//33 215//33
f 269//33 271//33 217//33 216//33
f 271//33 273//33 218//33 217//33
f 273//33 275//33 219//33 218//33
f 275//33 277//33 220//33 219//33
f 277//33 279//33 221//33 220//33
f 279//33 281//33 222//33 221//33
f 281//33 283//33 223//33 222//33
f 283//33 285//33 224//33 223//33
f 285//33 287//33 225//33 224//33
f 287//33 289//33 226//33 225//33
f 289//33 227//33 196//33 226//33
f 291//1 292//1 293//1 294//1
f 292//2 295//2 296//2 293//2
f 295//3 297//3 298//3 296//3
f 297//4 299//4 300//4 298//4
f 299//37 301//37 302//37 300//37
f 301//38 303//38 304//38 302//38
f 303//39 305//39 306//39 304//39
f 305//40 307//40 308//40 306//40
f 307//41 309//41 310//41 308//41
f 309//42 311//42 312//42 310//42
f 311//43 313//43 314//43 312//43
f 313//12 315//12 316//12 314//12
f 315//59 317//59 318//59 316//59
f 317//14 319//14 320//14 318//14
f 319//15 321//15 322//15 320//15
f 321//16 323//16 324//16 322//16
f 323//17 325//17 326//17 324//17
f 325//18 327//18 328//18 326//18
f 327//44 329//44 330//44 328//44
f 329//53 331//53 332//53 330//53
f 331//21 333//21 334//21 332//21
f 333//46 335//46 336//46 334//46
f 335//82 337//82 338//82 336//82
f 337//47 339//47 340//47 338//47
f 339//48 341//48 342//48 340//48
f 341//83 343//83 344//83 342//83
f 343//49 345//49 346//49 344//49
f 345//28 347//28 348//28 346//28
f 347//56 349//56 350//56 348//56
f 349//51 351//51 352//51 350//51
f 351//31 353//31 354//31 352//31
f 353//32 291//32 294//32 354//32
f 355//33 292//33 291//33
f 355//33 295//33 292//33
f 355//33 297//33 295//33
f 355//33 299//33 297//33
f 355//33 301//33 299//33
f 355//33 303//33 301//33
f 355//33 305//33 303//33
f 355//33 307//33 305//33
f 355//33 309//33 307//33
f 355//33 311//33 309//33
f 355//33 313//33 311//33
f 355//33 315//33 313//33
f 355//33 317//33 315//33
f 355//33 319//33 317//33
f 355//33 321//33 319//33
f 355//33 323//33 321//33
f 355//33 325//33 323//33
f 355//33 327//33 325//33
f 355//33 329//33 327//33
f 355//33 331//33 329//33
f 355//33 333//33 331//33
f 355//33 335//33 333//33
f 355//33 337//33 335//33
f 355//33 339//33 337//33
f 355//33 341//33 339//33
f 355//33 343//33 341//33
f 355//33 345//33 343//33
f 355//33 347//33 345//33
f 355//33 349//33 347//33
f 355//33 351//33 349//33
f 355//33 353//33 351//33
f 355//33 291//33 353//33
f 356//34 294//34 293//34
f 356//34 293//34 296//34
f 356//34 296//34 298//34
f 356//34 298//34 300//34
f 356//34 300//34 302//34
f 356//34 302//34 304//34
f 356//34 304//34 306//34
f 356//34 306//34 308//34
f 356//34 308//34 310//34
f 356//34 310//34 312//34
f 356//34 312//34 314//34
f 356//34 314//34 316//34
f 356//34 316//34 318//34
f 356//34 318//34 320//34
f 356//34 320//34 322//34
f 356//34 322//34 324//34
f 356//34 324//34 326//34
f 356//34 326//34 328//34
f 356//34 328//34 330//34
f 356//34 330//34 332//34
f 356//34 332//34 334//34
f 356//34 334//34 336//34
f 356//34 336//34 338//34
f 356//34 338//34 340//34
f 356//34 340//34 342//34
f 356//34 342//34 344//34
f 356//34 344//34 346//34
f 356//34 346//34 348//34
f 356//34 348//34 350//34
f 356//34 350//34 352//34
f 356//34 352//34 354//34
f 356//34 354//34 294//34
f 357//1 358//1 359//1 360//1
f 358//2 361//2 362//2 359//2
f 361//35 363//35 364//35 362//35
f 363//36 365//36 366//36 364//36
f 365//37 367//37 368//37 366//37
f 367//38 369//38 370//38 368//38
f 369//39 371//39 372//39 370//39
f 371//40 373//40 374//40 372//40
f 373//41 375//41 376//41 374//41
f 375//42 377//42 378//42 376//42
f 377//43 379//43 380//43 378//43
f 379//12 381//12 382//12 380//12
f 381//13 383//13 384//13 382//13
f 383//60 385//60 386//60 384//60
f 385//15 387//15 388//15 386//15
f 387//16 389//16 390//16 388//16
f 389//17 391//17 392//17 390//17
f 391//18 393//18 394//18 392//18
f 393//52 395//52 396//52 394//52
f 395//20 397//20 398//20 396//20
f 397//69 399//69 400//69 398//69
f 399//54 401//54 402//54 400//54
f 401//84 403//84 404//84 402//84
f 403//47 405//47 406//47 404//47
f 405//48 407//48 408//48 406//48
f 407//85 409//85 410//85 408//85
f 409//55 411//55 412//55 410//55
f 411//28 413//28 414//28 412//28
f 413//50 415//50 416//50 414//50
f 415//68 417//68 418//68 416//68
f 417//31 419//31 420//31 418//31
f 419//32 357//32 360//32 420//32
f 421//17 422//17 423//17 424//17
f 422//18 425//18 426//18 423//18
f 425//52 427//52 428//52 426//52
f 427//20 429//20 430//20 428//20
f 429//21 431//21 432//21 430//21
f 431//46 433//46 434//46 432//46
f 433//23 435//23 436//23 434//23
f 435//47 437//47 438//47 436//47
f 437//48 439//48 440//48 438//48
f 439//26 441//26 442//26 440//26
f 441//49 443//49 444//49 442//49
f 443//28 445//28 446//28 444//28
f 445//50 447//50 448//50 446//50
f 447//68 449//68 450//68 448//68
f 449//31 451//31 452//31 450//31
f 451//32 453//32 454//32 452//32
f 453//1 455//1 456//1 454//1
f 455//2 457//2 458//2 456//2
f 457//35 459//35 460//35 458//35
f 459//4 461//4 462//4 460//4
f 461//86 463//86 464//86 462//86
f 463//38 465//38 466//38 464//38
f 465//39 467//39 468//39 466//39
f 467//40 469//40 470//40 468//40
f 469//41 471//41 472//41 470//41
f 471//42 473//42 474//42 472//42
f 473//43 475//43 476//43 474//43
f 475//87 477//87 478//87 476//87
f 477//88 479//88 480//88 478//88
f 479//14 481//14 482//14 480//14
f 481//15 483//15 484//15 482//15
f 483//16 421//16 424//16 484//16
f 357//34 358//34 423//34 424//34
f 358//34 361//34 426//34 423//34
f 361//34 363//34 428//34 426//34
f 363//34 365//34 430//34 428//34
f 365//34 367//34 432//34 430//34
f 367//34 369//34 434//34 432//34
f 369//34 371//34 436//34 434//34
f 371//34 373//34 438//34 436//34
f 373//34 375//34 440//34 438//34
f 375//34 377//34 442//34 440//34
f 377//34 379//34 444//34 442//34
f 379//34 381//34 446//34 444//34
f 381//34 383//34 448//34 446//34
f 383//34 385//34 450//34 448//34
f 385//34 387//34 452//34 450//34
f 387//34 389//34 454//34 452//34
f 389//34 391//34 456//34 454//34
f 391//34 393//34 458//34 456//34
f 393//34 395//34 460//34 458//34
f 395//34 397//34 462//34 460//34
f 397//34 399//34 464//34 462//34
f 399//34 401//34 466//34 464//34
f 401//34 403//34 468//34 466//34
f 403//34 405//34 470//34 468//34
f 405//34 407//34 472//34 470//34
f 407//34 409//34 474//34 472//34
f 409//34 411//34 476//34 474//34
f 411//34 413//34 478//34 476//34
f 413//34 415//34 480//34 478//34
f 415//34 417//34 482//34 480//34
f 417//34 419//34 484//34 482//34
f 419//34 357//34 424//34 484//34
f 421//33 422//33 359//33 360//33
f 422//33 425//33 362//33 359//33
f 425//33 427//33 364//33 362//33
f 427//33 429//33 366//33 364//33
f 429//33 431//33 368//33 366//33
f 431//33 433//33 370//33 368//33
f 433//33 435//33 372//33 370//33
f 435//33 437//33 374//33 372//33
f 437//33 439//33 376//33 374//33
f 439//33 441//33 378//33 376//33
f 441//33 443//33 380//33 378//33
f 443//33 445//33 382//33 380//33
f 445//33 447//33 384//33 382//33
f 447//33 449//33 386//33 384//33
f 449//33 451//33 388//33 386//33
f 451//33 453//33 390//33 388//33
f 453//33 455//33 392//33 390//33
f 455//33 457//33 394//33 392//33
f 457//33 459//33 396//33 394//33
f 459//33 461//33 398//33 396//33
f 461//33 463//33 400//33 398//33
f 463//33 465//33 402//33 400//33
f 465//33 467//33 404//33 402//33
f 467//33 469//33 406//33 404//33
f 469//33 471//33 408//33 406//33
f 471//33 473//33 410//33 408//33
f 473//33 475//33 412//33 410//33
f 475//33 477//33 414//33 412//33
f 477//33 479//33 416//33 414//33
f 479//33 481//33 418//33 416//33
f 481//33 483//33 420//33 418//33
f 483//33 421//33 360//33 420//33
f 360//1 359//1 485//1 486//1
f 359//2 362//2 487//2 485//2
f 362//3 364//3 488//3 487//3
f 364//36 366//36 489//36 488//36
f 366//37 368//37 490//37 489//37
f 368//89 370//89 491//89 490//89
f 370//39 372//39 492//39 491//39
f 372//90 374//90 493//90 492//90
f 374//91 376//91 494//91 493//91
f 376//10 378//10 495//10 494//10
f 378//92 380//92 496//92 495//92
f 380//93 382//93 497//93 496//93
f 382//13 384//13 498//13 497//13
f 384//14 386//14 499//14 498//14
f 386//15 388//15 500//15 499//15
f 388//16 390//16 501//16 500//16
f 390//17 392//17 502//17 501//17
f 392//18 394//18 503//18 502//18
f 394//44 396//44 504//44 503//44
f 396//20 398//20 505//20 504//20
f 398//45 400//45 506//45 505//45
f 400//22 402//22 507//22 506//22
f 402//23 404//23 508//23 507//23
f 404//94 406//94 509//94 508//94
f 406//95 408//95 510//95 509//95
f 408//26 410//26 511//26 510//26
f 410//27 412//27 512//27 511//27
f 412//96 414//96 513//96 512//96
f 414//50 416//50 514//50 513//50
f 416//51 418//51 515//51 514//51
f 418//31 420//31 516//31 515//31
f 420//32 360//32 486//32 516//32
f 517//17 518//17 519//17 520//17
f 518//18 521//18 522//18 519//18
f 521//52 523//52 524//52 522//52
f 523//53 525//53 526//53 524//53
f 525//97 527//97 528//97 526//97
f 527//22 529//22 530//22 528//22
f 529//82 531//82 532//82 530//82
f 531//94 533//94 534//94 532//94
f 533//95 535//95 536//95 534//95
f 535//83 537//83 538//83 536//83
f 537//27 539//27 540//27 538//27
f 539//96 541//96 542//96 540//96
f 541//29 543//29 544//29 542//29
f 543//51 545//51 546//51 544//51
f 545//31 547//31 548//31 546//31
f 547//32 549//32 550//32 548//32
f 549//1 551//1 552//1 550//1
f 551//2 553//2 554//2 552//2
f 553//3 555//3 556//3 554//3
f 555//36 557//36 558//36 556//36
f 557//98 559//98 560//98 558//98
f 559//89 561//89 562//89 560//89
f 561//99 563//99 564//99 562//99
f 563//100 565//100 566//100 564//100
f 565//101 567//101 568//101 566//101
f 567//102 569//102 570//102 568//102
f 569//92 571//92 572//92 570//92
f 571//93 573//93 574//93 572//93
f 573//13 575//13 576//13 574//13
f 575//14 577//14 578//14 576//14
f 577//15 579//15 580//15 578//15
f 579//103 517//103 520//103 580//103
f 360//34 359//34 519//34 520//34
f 359//34 362//34 522//34 519//34
f 362//34 364//34 524//34 522//34
f 364//34 366//34 526//34 524//34
f 366//34 368//34 528//34 526//34
f 368//34 370//34 530//34 528//34
f 370//34 372//34 532//34 530//34
f 372//34 374//34 534//34 532//34
f 374//34 376//34 536//34 534//34
f 376//34 378//34 538//34 536//34
f 378//34 380//34 540//34 538//34
f 380//34 382//34 542//34 540//34
f 382//34 384//34 544//34 542//34
f 384//34 386//34 546//34 544//34
f 386//34 388//34 548//34 546//34
f 388//34 390//34 550//34 548//34
f 390//34 392//34 552//34 550//34
f 392//34 394//34 554//34 552//34
f 394//34 396//34 556//34 554//34
f 396//34 398//34 558//34 556//34
f 398//34 400//34 560//34 558//34
f 400//34 402//34 562//34 560//34
f 402//34 404//34 564//34 562//34
f 404//34 406//34 566//34 564//34
f 406//34 408//34 568//34 566//34
f 408//34 410//34 570//34 568//34
f 410//34 412//34 572//34 570//34
f 412//34 414//34 574//34 572//34
f 414//34 416//34 576//34 574//34
f 416//34 418//34 578//34 576//34
f 418//34 420//34 580//34 578//34
f 420//34 360//34 520//34 580//34
f 517//33 518//33 485//33 486//33
f 518//33 521//33 487//33 485//33
f 521//33 523//33 488//33 487//33
f 523//33 525//33 489//33 488//33
f 525//33 527//33 490//33 489//33
f 527//33 529//33 491//33 490//33
f 529//33 531//33 492//33 491//33
f 531//33 533//33 493//33 492//33
f 533//33 535//33 494//33 493//33
f 535//33 537//33 495//33 494//33
f 537//33 539//33 496//33 495//33
f 539//33 541//33 497//33 496//33
f 541//33 543//33 498//33 497//33
f 543//33 545//33 499//33 498//33
f 545//33 547//33 500//33 499//33
f 547//33 549//33 501//33 500//33
f 549//33 551//33 502//33 501//33
f 551//33 553//33 503//33 502//33
f 553//33 555//33 504//33 503//33
f 555//33 557//33 505//33 504//33
f 557//33 559//33 506//33 505//33
f 559//33 561//33 507//33 506//33
f 561//33 563//33 508//33 507//33
f 563//33 565//33 509//33 508//33
f 565//33 567//33 510//33 509//33
f 567//33 569//33 511//33 510//33
f 569//33 571//33 512//33 511//33
f 571//33 573//33 513//33 512//33
f 573//33 575//33 514//33 513//33
f 575//33 577//33 515//33 514//33
f 577//33 579//33 516//33 515//33
f 579//33 517//33 486//33 516//33
f 581//1 582//1 583//1 584//1
f 582//2 585//2 586//2 583//2
f 585//3 587//3 588//3 586//3
f 587//4 589//4 590//4 588//4
f 589//98 591//98 592//98 590//98
f 591//38 593//38 594//38 592//38
f 593//104 595//104 596//104 594//104
f 595//40 597//40 598//40 596//40
f 597//41 599//41 600//41 598//41
f 599//105 601//105 602//105 600//105
f 601//43 603//43 604//43 602//43
f 603//106 605//106 606//106 604//106
f 605//13 607//13 608//13 606//13
f 607//14 609//14 610//14 608//14
f 609//15 611//15 612//15 610//15
f 611//16 613//16 614//16 612//16
f 613//17 615//17 616//17 614//17
f 615//18 617//18 618//18 616//18
f 617//44 619//44 620//44 618//44
f 619//53 621//53 622//53 620//53
f 621//21 623//21 624//21 622//21
f 623//46 625//46 626//46 624//46
f 625//82 627//82 628//82 626//82
f 627//47 629//47 630//47 628//47
f 629//48 631//48 632//48 630//48
f 631//26 633//26 634//26 632//26
f 633//49 635//49 636//49 634//49
f 635//28 637//28 638//28 636//28
f 637//56 639//56 640//56 638//56
f 639//51 641//51 642//51 640//51
f 641//31 643//31 644//31 642//31
f 643//32 581//32 584//32 644//32
f 645//33 582//33 581//33
f 645//33 585//33 582//33
f 645//33 587//33 585//33
f 645//33 589//33 587//33
f 645//33 591//33 589//33
f 645//33 593//33 591//33
f 645//33 595//33 593//33
f 645//33 597//33 595//33
f 645//33 599//33 597//33
f 645//33 601//33 599//33
f 645//33 603//33 601//33
f 645//33 605//33 603//33
f 645//33 607//33 605//33
f 645//33 609//33 607//33
f 645//33 611//33 609//33
f 645//33 613//33 611//33
f 645//33 615//33 613//33
f 645//33 617//33 615//33
f 645//33 619//33 617//33
f 645//33 621//33 619//33
f 645//33 623//33 621//33
f 645//33 625//33 623//33
f 645//33 627//33 625//33
f 645//33 629//33 627//33
f 645//33 631//33 629//33
f 645//33 633//33 631//33
f 645//33 635//33 633//33
f 645//33 637//33 635//33
f 645//33 639//33 637//33
f 645//33 641//33 639//33
f 645//33 643//33 641//33
f 645//33 581//33 643//33
f 646//34 584//34 583//34
f 646//34 583//34 586//34
f 646//34 586//34 588//34
f 646//34 588//34 590//34
f 646//34 590//34 592//34
f 646//34 592//34 594//34
f 646//34 594//34 596//34
f 646//34 596//34 598//34
f 646//34 598//34 600//34
f 646//34 600//34 602//34
f 646//34 602//34 604//34
f 646//34 604//34 606//34
f 646//34 606//34 608//34
f 646//34 608//34 610//34
f 646//34 610//34 612//34
f 646//34 612//34 614//34
f 646//34 614//34 616//34
f 646//34 616//34 618//34
f 646//34 618//34 620//34
f 646//34 620//34 622//34
f 646//34 622//34 624//34
f 646//34 624//34 626//34
f 646//34 626//34 628//34
f 646//34 628//34 630//34
f 646//34 630//34 632//34
f 646//34 632//34 634//34
f 646//34 634//34 636//34
f 646//34 636//34 638//34
f 646//34 638//34 640//34
f 646//34 640//34 642//34
f 646//34 642//34 644//34
f 646//34 644//34 584//34
f 647//1 648//1 649//1 650//1
f 648//2 651//2 652//2 649//2
f 651//3 653//3 654//3 652//3
f 653//36 655//36 656//36 654//36
f 655//37 657//37 658//37 656//37
f 657//38 659//38 660//38 658//38
f 659//39 661//39 662//39 660//39
f 661//40 663//40 664//40 662//40
f 663//41 665//41 666//41 664//41
f 665//42 667//42 668//42 666//42
f 667//58 669//58 670//58 668//58
f 669//12 671//12 672//12 670//12
f 671//13 673//13 674//13 672//13
f 673//14 675//14 676//14 674//14
f 675//15 677//15 678//15 676//15
f 677//16 679//16 680//16 678//16
f 679//17 681//17 682//17 680//17
f 681//18 683//18 684//18 682//18
f 683//44 685//44 686//44 684//44
f 685//20 687//20 688//20 686//20
f 687//21 689//21 690//21 688//21
f 689//46 691//46 692//46 690//46
f 691//82 693//82 694//82 692//82
f 693//24 695//24 696//24 694//24
f 695//25 697//25 698//25 696//25
f 697//83 699//83 700//83 698//83
f 699//49 701//49 702//49 700//49
f 701//28 703//28 704//28 702//28
f 703//50 705//50 706//50 704//50
f 705//51 707//51 708//51 706//51
f 707//31 709//31 710//31 708//31
f 709//32 647//32 650//32 710//32
f 711//17 712//17 713//17 714//17
f 712//18 715//18 716//18 713//18
f 715//44 717//44 718//44 716//44
f 717//53 719//53 720//53 718//53
f 719//21 721//21 722//21 720//21
f 721//46 723//46 724//46 722//46
f 723//82 725//82 726//82 724//82
f 725//24 727//24 728//24 726//24
f 727//25 729//25 730//25 728//25
f 729//83 731//83 732//83 730//83
f 731//49 733//49 734//49 732//49
f 733//28 735//28 736//28 734//28
f 735//56 737//56 738//56 736//56
f 737//51 739//51 740//51 738//51
f 739//31 741//31 742//31 740//31
f 741//32 743//32 744//32 742//32
f 743//1 745//1 746//1 744//1
f 745//2 747//2 748//2 746//2
f 747//35 749//35 750//35 748//35
f 749//4 751//4 752//4 750//4
f 751//107 753//107 754//107 752//107
f 753//38 755//38 756//38 754//38
f 755//39 757//39 758//39 756//39
f 757//40 759//40 760//40 758//40
f 759//41 761//41 762//41 760//41
f 761//42 763//42 764//42 762//42
f 763//43 765//43 766//43 764//43
f 765//93 767//93 768//93 766//93
f 767//59 769//59 770//59 768//59
f 769//108 771//108 772//108 770//108
f 771//15 773//15 774//15 772//15
f 773//16 711//16 714//16 774//16
f 647//34 648//34 713//34 714//34
f 648//34 651//34 716//34 713//34
f 651//34 653//34 718//34 716//34
f 653//34 655//34 720//34 718//34
f 655//34 657//34 722//34 720//34
f 657//34 659//34 724//34 722//34
f 659//34 661//34 726//34 724//34
f 661//34 663//34 728//34 726//34
f 663//34 665//34 730//34 728//34
f 665//34 667//34 732//34 730//34
f 667//34 669//34 734//34 732//34
f 669//34 671//34 736//34 734//34
f 671//34 673//34 738//34 736//34
f 673//34 675//34 740//34 738//34
f 675//34 677//34 742//34 740//34
f 677//34 679//34 744//34 742//34
f 679//34 681//34 746//34 744//34
f 681//34 683//34 748//34 746//34
f 683//34 685//34 750//34 748//34
f 685//34 687//34 752//34 750//34
f 687//34 689//34 754//34 752//34
f 689//34 691//34 756//34 754//34
f 691//34 693//34 758//34 756//34
f 693//34 695//34 760//34 758//34
f 695//34 697//34 762//34 760//34
f 697//34 699//34 764//34 762//34
f 699//34 701//34 766//34 764//34
f 701//34 703//34 768//34 766//34
f 703//34 705//34 770//34 768//34
f 705//34 707//34 772//34 770//34
f 707//34 709//34 774//34 772//34
f 709//34 647//34 714//34 774//34
f 711//33 712//33 649//33 650//33
f 712//33 715//33 652//33 649//33
f 715//33 717//33 654//33 652//33
f 717//33 719//33 656//33 654//33
f 719//33 721//33 658//33 656//33
f 721//33 723//33 660//33 658//33
f 723//33 725//33 662//33 660//33
f 725//33 727//33 664//33 662//33
f 727//33 729//33 666//33 664//33
f 729//33 731//33 668//33 666//33
f 731//33 733//33 670//33 668//33
f 733//33 735//33 672//33 670//33
f 735//33 737//33 674//33 672//33
f 737//33 739//33 676//33 674//33
f 739//33 741//33 678//33 676//33
f 741//33 743//33 680//33 678//33
f 743//33 745//33 682//33 680//33
f 745//33 747//33 684//33 682//33
f 747//33 749//33 686//33 684//33
f 749//33 751//33 688//33 686//33
f 751//33 753//33 690//33 688//33
f 753//33 755//33 692//33 690//33
f 755//33 757//33 694//33 692//33
f 757//33 759//33 696//33 694//33
f 759//33 761//33 698//33 696//33
f 761//33 763//33 700//33 698//33
f 763//33 765//33 702//33 700//33
f 765//33 767//33 704//33 702//33
f 767//33 769//33 706//33 704//33
f 769//33 771//33 708//33 706//33
f 771//33 773//33 710//33 708//33
f 773//33 711//33 650//33 710//33
f 650//1 649//1 775//1 776//1
f 649//2 652//2 777//2 775//2
f 652//35 654//35 778//35 777//35
f 654//36 656//36 779//36 778//36
f 656//5 658//5 780//5 779//5
f 658//38 660//38 781//38 780//38
f 660//109 662//109 782//109 781//109
f 662//110 664//110 783//110 782//110
f 664//111 666//111 784//111 783//111
f 666//112 668//112 785//112 784//112
f 668//43 670//43 786//43 785//43
f 670//63 672//63 787//63 786//63
f 672//13 674//13 788//13 787//13
f 674//60 676//60 789//60 788//60
f 676//15 678//15 790//15 789//15
f 678//16 680//16 791//16 790//16
f 680//17 682//17 792//17 791//17
f 682//18 684//18 793//18 792//18
f 684//52 686//52 794//52 793//52
f 686//20 688//20 795//20 794//20
f 688//64 690//64 796//64 795//64
f 690//46 692//46 797//46 796//46
f 692//71 694//71 798//71 797//71
f 694//24 696//24 799//24 798//24
f 696//25 698//25 800//25 799//25
f 698//74 700//74 801//74 800//74
f 700//49 702//49 802//49 801//49
f 702//75 704//75 803//75 802//75
f 704//50 706//50 804//50 803//50
f 706//68 708//68 805//68 804//68
f 708//31 710//31 806//31 805//31
f 710//32 650//32 776//32 806//32
f 807//17 808//17 809//17 810//17
f 808//18 811//18 812//18 809//18
f 811//52 813//52 814//52 812//52
f 813//53 815//53 816//53 814//53
f 815//113 817//113 818//113 816//113
f 817//54 819//54 820//54 818//54
f 819//114 821//114 822//114 820//114
f 821//115 823//115 824//115 822//115
f 823//116 825//116 826//116 824//116
f 825//117 827//117 828//117 826//117
f 827//55 829//55 830//55 828//55
f 829//118 831//118 832//118 830//118
f 831//56 833//56 834//56 832//56
f 833//68 835//68 836//68 834//68
f 835//31 837//31 838//31 836//31
f 837//32 839//32 840//32 838//32
f 839//1 841//1 842//1 840//1
f 841//2 843//2 844//2 842//2
f 843//119 845//119 846//119 844//119
f 845//120 847//120 848//120 846//120
f 847//86 849//86 850//86 848//86
f 849//121 851//121 852//121 850//121
f 851//61 853//61 854//61 852//61
f 853//8 855//8 856//8 854//8
f 855//9 857//9 858//9 856//9
f 857//62 859//62 860//62 858//62
f 859//43 861//43 862//43 860//43
f 861//87 863//87 864//87 862//87
f 863//122 865//122 866//122 864//122
f 865//123 867//123 868//123 866//123
f 867//15 869//15 870//15 868//15
f 869//16 807//16 810//16 870//16
f 650//34 649//34 809//34 810//34
f 649//34 652//34 812//34 809//34
f 652//34 654//34 814//34 812//34
f 654//34 656//34 816//34 814//34
f 656//34 658//34 818//34 816//34
f 658//34 660//34 820//34 818//34
f 660//34 662//34 822//34 820//34
f 662//34 664//34 824//34 822//34
f 664//34 666//34 826//34 824//34
f 666//34 668//34 828//34 826//34
f 668//34 670//34 830//34 828//34
f 670//34 672//34 832//34 830//34
f 672//34 674//34 834//34 832//34
f 674//34 676//34 836//34 834//34
f 676//34 678//34 838//34 836//34
f 678//34 680//34 840//34 838//34
f 680//34 682//34 842//34 840//34
f 682//34 684//34 844//34 842//34
f 684//34 686//34 846//34 844//34
f 686//34 688//34 848//34 846//34
f 688//34 690//34 850//34 848//34
f 690//34 692//34 852//34 850//34
f 692//34 694//34 854//34 852//34
f 694//34 696//34 856//34 854//34
f 696//34 698//34 858//34 856//34
f 698//34 700//34 860//34 858//34
f 700//34 702//34 862//34 860//34
f 702//34 704//34 864//34 862//34
f 704//34 706//34 866//34 864//34
f 706//34 708//34 868//34 866//34
f 708//34 710//34 870//34 868//34
f 710//34 650//34 810//34 870//34
f 807//33 808//33 775//33 776//33
f 808//33 811//33 777//33 775//33
f 811//33 813//33 778//33 777//33
f 813//33 815//33 779//33 778//33
f 815//33 817//33 780//33 779//33
f 817//33 819//33 781//33 780//33
f 819//33 821//33 782//33 781//33
f 821//33 823//33 783//33 782//33
f 823//33 825//33 784//33 783//33
f 825//33 827//33 785//33 784//33
f 827//33 829//33 786//33 785//33
f 829//33 831//33 787//33 786//33
f 831//33 833//33 788//33 787//33
f 833//33 835//33 789//33 788//33
f 835//33 837//33 790//33 789//33
f 837//33 839//33 791//33 790//33
f 839//33 841//33 792//33 791//33
f 841//33 843//33 793//33 792//33
f 843//33 845//33 794//33 793//33
f 845//33 847//33 795//33 794//33
f 847//33 849//33 796//33 795//33
f 849//33 851//33 797//33 796//33
f 851//33 853//33 798//33 797//33
f 853//33 855//33 799//33 798//33
f 855//33 857//33 800//33 799//33
f 857//33 859//33 801//33 800//33
f 859//33 861//33 802//33 801//33
f 861//33 863//33 803//33 802//33
f 863//33 865//33 804//33 803//33
f 865//33 867//33 805//33 804//33
f 867//33 869//33 806//33 805//33
f 869//33 807//33 776//33 806//33
o MANHOLE_PROP_LID
v 47.111115 4.095926 -73.026688
v 47.105350 4.098564 -73.085152
v 47.088280 4.101101 -73.141373
v 47.060558 4.103439 -73.193184
v 47.023247 4.105489 -73.238602
v 46.977787 4.107170 -73.275864
v 46.925922 4.108419 -73.303566
v 46.869644 4.109191 -73.320618
v 46.811115 4.109449 -73.326378
v 46.752590 4.109191 -73.320618
v 46.696312 4.108419 -73.303566
v 46.644444 4.107170 -73.275864
v 46.598984 4.105489 -73.238602
v 46.561676 4.103439 -73.193184
v 46.533951 4.101101 -73.141373
v 46.516880 4.098564 -73.085152
v 46.511116 4.095926 -73.026688
v 46.516880 4.093287 -72.968216
v 46.533951 4.090751 -72.911995
v 46.561676 4.088411 -72.860176
v 46.598984 4.086364 -72.814766
v 46.644444 4.084682 -72.777504
v 46.696312 4.083432 -72.749802
v 46.752590 4.082663 -72.732742
v 46.811115 4.082402 -72.726990
v 46.869644 4.082663 -72.732742
v 46.925922 4.083432 -72.749802
v 46.977787 4.084682 -72.777504
v 47.023247 4.086364 -72.814766
v 47.060558 4.088411 -72.860176
v 47.088280 4.090751 -72.911995
v 47.105350 4.093287 -72.968216
v 20.445116 6.252958 -87.109764
v 20.439350 6.255599 -87.168243
v 20.422279 6.258135 -87.224457
v 20.394558 6.260470 -87.276268
v 20.357248 6.262522 -87.321693
v 20.311787 6.264203 -87.358955
v 20.259920 6.265454 -87.386650
v 20.203644 6.266221 -87.403702
v 20.145117 6.266483 -87.409462
v 20.086590 6.266221 -87.403702
v 20.030312 6.265454 -87.386650
v 19.978445 6.264203 -87.358955
v 19.932983 6.262522 -87.321693
v 19.895676 6.260470 -87.276268
v 19.867952 6.258135 -87.224457
v 19.850880 6.255599 -87.168243
v 19.845116 6.252958 -87.109764
v 19.850880 6.250320 -87.051300
v 19.867952 6.247783 -86.995079
v 19.895676 6.245445 -86.943268
v 19.932983 6.243396 -86.897850
v 19.978445 6.241714 -86.860588
v 20.030312 6.240463 -86.832886
v 20.086590 6.239695 -86.815826
v 20.145117 6.239435 -86.810081
v 20.203644 6.239695 -86.815826
v 20.259920 6.240463 -86.832886
v 20.311787 6.241714 -86.860588
v 20.357248 6.243396 -86.897850
v 20.394558 6.245445 -86.943268
v 20.422279 6.247783 -86.995079
v 20.439350 6.250320 -87.051300
v 31.206116 7.179923 -104.968140
v 31.200352 7.182562 -105.026596
v 31.183281 7.185100 -105.082825
v 31.155558 7.187436 -105.134636
v 31.118248 7.189485 -105.180046
v 31.072786 7.191168 -105.217331
v 31.020922 7.192415 -105.245010
v 30.964643 7.193186 -105.262070
v 30.906116 7.193448 -105.267830
v 30.847589 7.193186 -105.262070
v 30.791311 7.192415 -105.245010
v 30.739445 7.191168 -105.217331
v 30.693983 7.189485 -105.180046
v 30.656675 7.187436 -105.134636
v 30.628952 7.185100 -105.082825
v 30.611879 7.182562 -105.026596
v 30.606115 7.179923 -104.968140
v 30.611879 7.177285 -104.909668
v 30.628952 7.174748 -104.853447
v 30.656675 7.172410 -104.801636
v 30.693983 7.170361 -104.756218
v 30.739445 7.168679 -104.718941
v 30.791311 7.167429 -104.691246
v 30.847589 7.166659 -104.674202
v 30.906116 7.166400 -104.668434
v 30.964643 7.166659 -104.674202
v 31.020922 7.167429 -104.691246
v 31.072786 7.168679 -104.718941
v 31.118248 7.170361 -104.756218
v 31.155558 7.172410 -104.801636
v 31.183281 7.174748 -104.853447
v 31.200352 7.177285 -104.909668
v 47.105350 4.148515 -73.082901
v 47.111115 4.145877 -73.024429
v 47.088280 4.151051 -73.139122
v 47.060558 4.153390 -73.190933
v 47.023247 4.155439 -73.236351
v 46.977787 4.157120 -73.273621
v 46.925922 4.158370 -73.301315
v 46.869644 4.159141 -73.318367
v 46.811115 4.159400 -73.324135
v 46.752590 4.159141 -73.318367
v 46.696312 4.158370 -73.301315
v 46.644444 4.157120 -73.273621
v 46.598984 4.155439 -73.236351
v 46.561676 4.153390 -73.190933
v 46.533951 4.151051 -73.139122
v 46.516880 4.148515 -73.082901
v 46.511116 4.145877 -73.024429
v 46.516880 4.143239 -72.965965
v 46.533951 4.140701 -72.909752
v 46.561676 4.138362 -72.857933
v 46.598984 4.136314 -72.812523
v 46.644444 4.134633 -72.775253
v 46.696312 4.133382 -72.747559
v 46.752590 4.132612 -72.730499
v 46.811115 4.132352 -72.724739
v 46.869644 4.132612 -72.730499
v 46.925922 4.133382 -72.747559
v 46.977787 4.134633 -72.775253
v 47.023247 4.136314 -72.812523
v 47.060558 4.138362 -72.857933
v 47.088280 4.140701 -72.909752
v 47.105350 4.143239 -72.965965
v 46.811115 4.145877 -73.024429
v 20.439350 6.305548 -87.165985
v 20.445116 6.302907 -87.107513
v 20.422279 6.308084 -87.222198
v 20.394558 6.310420 -87.274010
v 20.357248 6.312471 -87.319435
v 20.311787 6.314153 -87.356705
v 20.259920 6.315401 -87.384399
v 20.203644 6.316170 -87.401443
v 20.145117 6.316430 -87.407211
v 20.086590 6.316170 -87.401443
v 20.030312 6.315401 -87.384399
v 19.978445 6.314153 -87.356705
v 19.932983 6.312471 -87.319435
v 19.895676 6.310420 -87.274010
v 19.867952 6.308084 -87.222198
v 19.850880 6.305548 -87.165985
v 19.845116 6.302907 -87.107513
v 19.850880 6.300270 -87.049042
v 19.867952 6.297732 -86.992828
v 19.895676 6.295395 -86.941010
v 19.932983 6.293345 -86.895599
v 19.978445 6.291662 -86.858322
v 20.030312 6.290413 -86.830627
v 20.086590 6.289644 -86.813576
v 20.145117 6.289384 -86.807816
v 20.203644 6.289644 -86.813576
v 20.259920 6.290413 -86.830627
v 20.311787 6.291662 -86.858322
v 20.357248 6.293345 -86.895599
v 20.394558 6.295395 -86.941010
v 20.422279 6.297732 -86.992828
v 20.439350 6.300270 -87.049042
v 20.145117 6.302907 -87.107513
v 31.200352 7.232512 -105.024353
v 31.206116 7.229874 -104.965889
v 31.183281 7.235047 -105.080574
v 31.155558 7.237387 -105.132385
v 31.118248 7.239435 -105.177795
v 31.072786 7.241118 -105.215073
v 31.020922 7.242366 -105.242760
v 30.964643 7.243136 -105.259819
v 30.906116 7.243397 -105.265572
v 30.847589 7.243136 -105.259819
v 30.791311 7.242366 -105.242760
v 30.739445 7.241118 -105.215073
v 30.693983 7.239435 -105.177795
v 30.656675 7.237387 -105.132385
v 30.628952 7.235047 -105.080574
v 30.611879 7.232512 -105.024353
v 30.606115 7.229874 -104.965889
v 30.611879 7.227234 -104.907425
v 30.628952 7.224698 -104.851189
v 30.656675 7.222361 -104.799385
v 30.693983 7.220311 -104.753960
v 30.739445 7.218628 -104.716698
v 30.791311 7.217379 -104.688995
v 30.847589 7.216610 -104.671944
v 30.906116 7.216351 -104.666191
v 30.964643 7.216610 -104.671944
v 31.020922 7.217379 -104.688995
v 31.072786 7.218628 -104.716698
v 31.118248 7.220311 -104.753960
v 31.155558 7.222361 -104.799385
v 31.183281 7.224698 -104.851189
v 31.200352 7.227234 -104.907425
v 30.906116 7.229874 -104.965889
vn 0.9952 0.0045 -0.0979
vn 0.9569 0.0131 -0.2900
vn 0.8819 0.0212 -0.4709
vn 0.7730 0.0285 -0.6338
vn 0.6344 0.0347 -0.7723
vn 0.4715 0.0397 -0.8810
vn 0.2902 0.0430 -0.9560
vn 0.0982 0.0448 -0.9942
vn -0.0982 0.0448 -0.9942
vn -0.2902 0.0430 -0.9560
vn -0.4714 0.0397 -0.8810
vn -0.6343 0.0347 -0.7723
vn -0.7730 0.0285 -0.6337
vn -0.8819 0.0212 -0.4709
vn -0.9569 0.0131 -0.2900
vn -0.9952 0.0044 -0.0979
vn -0.9952 -0.0044 0.0979
vn -0.9569 -0.0131 0.2900
vn -0.8819 -0.0212 0.4709
vn -0.7730 -0.0285 0.6338
vn -0.6344 -0.0348 0.7723
vn -0.4714 -0.0397 0.8810
vn -0.2903 -0.0430 0.9560
vn -0.0980 -0.0448 0.9942
vn 0.0980 -0.0448 0.9942
vn 0.2903 -0.0430 0.9560
vn 0.4715 -0.0397 0.8810
vn 0.6344 -0.0347 0.7723
vn 0.7729 -0.0285 0.6338
vn 0.8820 -0.0212 0.4709
vn 0.9569 -0.0131 0.2900
vn 0.9952 -0.0045 0.0979
vn -0.0000 0.9990 0.0451
vn 0.9952 0.0044 -0.0979
vn 0.9569 0.0131 -0.2901
vn 0.8820 0.0213 -0.4708
vn 0.7731 0.0286 -0.6337
vn 0.6343 0.0349 -0.7723
vn 0.4712 0.0398 -0.8811
vn 0.2903 0.0432 -0.9560
vn 0.0982 0.0449 -0.9942
vn -0.0982 0.0449 -0.9942
vn -0.2903 0.0432 -0.9560
vn -0.4712 0.0398 -0.8811
vn -0.6343 0.0349 -0.7723
vn -0.7731 0.0286 -0.6336
vn -0.8819 0.0213 -0.4709
vn -0.9569 0.0131 -0.2901
vn -0.8819 -0.0213 0.4709
vn -0.7730 -0.0286 0.6337
vn -0.6343 -0.0349 0.7723
vn -0.4715 -0.0398 0.8810
vn -0.2901 -0.0432 0.9560
vn -0.0978 -0.0449 0.9942
vn 0.0978 -0.0449 0.9942
vn 0.2904 -0.0430 0.9559
vn 0.4715 -0.0398 0.8810
vn 0.6344 -0.0349 0.7722
vn 0.7730 -0.0286 0.6337
vn 0.8819 -0.0213 0.4709
vn 0.9952 -0.0044 0.0979
vn 0.9570 0.0130 -0.2900
vn 0.8819 0.0212 -0.4710
vn 0.7729 0.0285 -0.6338
vn 0.6346 0.0347 -0.7721
vn 0.4714 0.0399 -0.8810
vn 0.2903 0.0430 -0.9560
vn 0.0981 0.0448 -0.9942
vn -0.0978 0.0449 -0.9942
vn -0.2903 0.0430 -0.9560
vn -0.4715 0.0400 -0.8810
vn -0.6346 0.0348 -0.7721
vn -0.7730 0.0285 -0.6338
vn -0.8819 0.0212 -0.4710
vn -0.9569 0.0130 -0.2900
vn -0.9570 -0.0131 0.2899
vn -0.8819 -0.0212 0.4710
vn -0.7731 -0.0285 0.6337
vn -0.6343 -0.0348 0.7723
vn -0.4715 -0.0397 0.8810
vn -0.2902 -0.0431 0.9560
vn -0.0980 -0.0447 0.9942
vn 0.2902 -0.0430 0.9560
vn 0.6343 -0.0348 0.7723
vn 0.7731 -0.0285 0.6337
vn 0.8819 -0.0212 0.4710
vn 0.9570 -0.0130 0.2899
s 1
usemtl MANHOLE_PROP_LID
f 871//124 872//124 967//124 968//124
f 872//125 873//125 969//125 967//125
f 873//126 874//126 970//126 969//126
f 874//127 875//127 971//127 970//127
f 875//128 876//128 972//128 971//128
f 876//129 877//129 973//129 972//129
f 877//130 878//130 974//130 973//130
f 878//131 879//131 975//131 974//131
f 879//132 880//132 976//132 975//132
f 880//133 881//133 977//133 976//133
f 881//134 882//134 978//134 977//134
f 882//135 883//135 979//135 978//135
f 883//136 884//136 980//136 979//136
f 884//137 885//137 981//137 980//137
f 885//138 886//138 982//138 981//138
f 886//139 887//139 983//139 982//139
f 887//140 888//140 984//140 983//140
f 888//141 889//141 985//141 984//141
f 889//142 890//142 986//142 985//142
f 890//143 891//143 987//143 986//143
f 891//144 892//144 988//144 987//144
f 892//145 893//145 989//145 988//145
f 893//146 894//146 990//146 989//146
f 894//147 895//147 991//147 990//147
f 895//148 896//148 992//148 991//148
f 896//149 897//149 993//149 992//149
f 897//150 898//150 994//150 993//150
f 898//151 899//151 995//151 994//151
f 899//152 900//152 996//152 995//152
f 900//153 901//153 997//153 996//153
f 901//154 902//154 998//154 997//154
f 902//155 871//155 968//155 998//155
f 999//156 968//156 967//156
f 999//156 967//156 969//156
f 999//156 969//156 970//156
f 999//156 970//156 971//156
f 999//156 971//156 972//156
f 999//156 972//156 973//156
f 999//156 973//156 974//156
f 999//156 974//156 975//156
f 999//156 975//156 976//156
f 999//156 976//156 977//156
f 999//156 977//156 978//156
f 999//156 978//156 979//156
f 999//156 979//156 980//156
f 999//156 980//156 981//156
f 999//156 981//156 982//156
f 999//156 982//156 983//156
f 999//156 983//156 984//156
f 999//156 984//156 985//156
f 999//156 985//156 986//156
f 999//156 986//156 987//156
f 999//156 987//156 988//156
f 999//156 988//156 989//156
f 999//156 989//156 990//156
f 999//156 990//156 991//156
f 999//156 991//156 992//156
f 999//156 992//156 993//156
f 999//156 993//156 994//156
f 999//156 994//156 995//156
f 999//156 995//156 996//156
f 999//156 996//156 997//156
f 999//156 997//156 998//156
f 999//156 998//156 968//156
f 903//157 904//157 1000//157 1001//157
f 904//158 905//158 1002//158 1000//158
f 905//159 906//159 1003//159 1002//159
f 906//160 907//160 1004//160 1003//160
f 907//161 908//161 1005//161 1004//161
f 908//162 909//162 1006//162 1005//162
f 909//163 910//163 1007//163 1006//163
f 910//164 911//164 1008//164 1007//164
f 911//165 912//165 1009//165 1008//165
f 912//166 913//166 1010//166 1009//166
f 913//167 914//167 1011//167 1010//167
f 914//168 915//168 1012//168 1011//168
f 915//169 916//169 1013//169 1012//169
f 916//170 917//170 1014//170 1013//170
f 917//171 918//171 1015//171 1014//171
f 918//139 919//139 1016//139 1015//139
f 919//140 920//140 1017//140 1016//140
f 920//141 921//141 1018//141 1017//141
f 921//172 922//172 1019//172 1018//172
f 922//173 923//173 1020//173 1019//173
f 923//174 924//174 1021//174 1020//174
f 924//175 925//175 1022//175 1021//175
f 925//176 926//176 1023//176 1022//176
f 926//177 927//177 1024//177 1023//177
f 927//178 928//178 1025//178 1024//178
f 928//179 929//179 1026//179 1025//179
f 929//180 930//180 1027//180 1026//180
f 930//181 931//181 1028//181 1027//181
f 931//182 932//182 1029//182 1028//182
f 932//183 933//183 1030//183 1029//183
f 933//154 934//154 1031//154 1030//154
f 934//184 903//184 1001//184 1031//184
f 1032//156 1001//156 1000//156
f 1032//156 1000//156 1002//156
f 1032//156 1002//156 1003//156
f 1032//156 1003//156 1004//156
f 1032//156 1004//156 1005//156
f 1032//156 1005//156 1006//156
f 1032//156 1006//156 1007//156
f 1032//156 1007//156 1008//156
f 1032//156 1008//156 1009//156
f 1032//156 1009//156 1010//156
f 1032//156 1010//156 1011//156
f 1032//156 1011//156 1012//156
f 1032//156 1012//156 1013//156
f 1032//156 1013//156 1014//156
f 1032//156 1014//156 1015//156
f 1032//156 1015//156 1016//156
f 1032//156 1016//156 1017//156
f 1032//156 1017//156 1018//156
f 1032//156 1018//156 1019//156
f 1032//156 1019//156 1020//156
f 1032//156 1020//156 1021//156
f 1032//156 1021//156 1022//156
f 1032//156 1022//156 1023//156
f 1032//156 1023//156 1024//156
f 1032//156 1024//156 1025//156
f 1032//156 1025//156 1026//156
f 1032//156 1026//156 1027//156
f 1032//156 1027//156 1028//156
f 1032//156 1028//156 1029//156
f 1032//156 1029//156 1030//156
f 1032//156 1030//156 1031//156
f 1032//156 1031//156 1001//156
f 935//157 936//157 1033//157 1034//157
f 936//185 937//185 1035//185 1033//185
f 937//186 938//186 1036//186 1035//186
f 938//187 939//187 1037//187 1036//187
f 939//188 940//188 1038//188 1037//188
f 940//189 941//189 1039//189 1038//189
f 941//190 942//190 1040//190 1039//190
f 942//191 943//191 1041//191 1040//191
f 943//192 944//192 1042//192 1041//192
f 944//193 945//193 1043//193 1042//193
f 945//194 946//194 1044//194 1043//194
f 946//195 947//195 1045//195 1044//195
f 947//196 948//196 1046//196 1045//196
f 948//197 949//197 1047//197 1046//197
f 949//198 950//198 1048//198 1047//198
f 950//139 951//139 1049//139 1048//139
f 951//140 952//140 1050//140 1049//140
f 952//199 953//199 1051//199 1050//199
f 953//200 954//200 1052//200 1051//200
f 954//201 955//201 1053//201 1052//201
f 955//202 956//202 1054//202 1053//202
f 956//203 957//203 1055//203 1054//203
f 957//204 958//204 1056//204 1055//204
f 958//205 959//205 1057//205 1056//205
f 959//148 960//148 1058//148 1057//148
f 960//206 961//206 1059//206 1058//206
f 961//150 962//150 1060//150 1059//150
f 962//207 963//207 1061//207 1060//207
f 963//208 964//208 1062//208 1061//208
f 964//209 965//209 1063//209 1062//209
f 965//210 966//210 1064//210 1063//210
f 966//184 935//184 1034//184 1064//184
f 1065//156 1034//156 1033//156
f 1065//156 1033//156 1035//156
f 1065//156 1035//156 1036//156
f 1065//156 1036//156 1037//156
f 1065//156 1037//156 1038//156
f 1065//156 1038//156 1039//156
f 1065//156 1039//156 1040//156
f 1065//156 1040//156 1041//156
f 1065//156 1041//156 1042//156
f 1065//156 1042//156 1043//156
f 1065//156 1043//156 1044//156
f 1065//156 1044//156 1045//156
f 1065//156 1045//156 1046//156
f 1065//156 1046//156 1047//156
f 1065//156 1047//156 1048//156
f 1065//156 1048//156 1049//156
f 1065//156 1049//156 1050//156
f 1065//156 1050//156 1051//156
f 1065//156 1051//156 1052//156
f 1065//156 1052//156 1053//156
f 1065//156 1053//156 1054//156
f 1065//156 1054//156 1055//156
f 1065//156 1055//156 1056//156
f 1065//156 1056//156 1057//156
f 1065//156 1057//156 1058//156
f 1065//156 1058//156 1059//156
f 1065//156 1059//156 1060//156
f 1065//156 1060//156 1061//156
f 1065//156 1061//156 1062//156
f 1065//156 1062//156 1063//156
f 1065//156 1063//156 1064//156
f 1065//156 1064//156 1034//156
o SEWER_EXISTING_150_APPROX
v 38.848900 -1.347787 -0.748289
v 38.843136 -1.376415 -0.750163
v 38.584568 -1.086061 -4.389832
v 38.590359 -1.057415 -4.388316
v 38.826859 -1.400721 -0.750949
v 38.568344 -1.110414 -4.389597
v 38.802547 -1.417007 -0.750522
v 38.544151 -1.126766 -4.387651
v 38.773907 -1.422788 -0.748951
v 38.515682 -1.132629 -4.384287
v 38.745289 -1.417189 -0.746473
v 38.487263 -1.127110 -4.380019
v 38.721058 -1.401059 -0.743465
v 38.463219 -1.111050 -4.375495
v 38.704899 -1.376856 -0.740386
v 38.447220 -1.086892 -4.371408
v 38.699276 -1.348264 -0.737705
v 38.441692 -1.058315 -4.368373
v 38.705040 -1.319635 -0.735830
v 38.447483 -1.029671 -4.366858
v 38.721317 -1.295328 -0.735044
v 38.463707 -1.005319 -4.367091
v 38.745628 -1.279045 -0.735471
v 38.487900 -0.988966 -4.369038
v 38.774269 -1.273262 -0.737043
v 38.516369 -0.983102 -4.372402
v 38.802887 -1.278862 -0.739520
v 38.544788 -0.988621 -4.376670
v 38.827118 -1.294990 -0.742528
v 38.568829 -1.004682 -4.381194
v 38.843273 -1.319194 -0.745607
v 38.584831 -1.028839 -4.385283
v 37.878754 -0.803015 -7.911837
v 37.884544 -0.774351 -7.910750
v 37.862671 -0.827421 -7.910419
v 37.838741 -0.843853 -7.906705
v 37.810612 -0.849810 -7.901265
v 37.782562 -0.844385 -7.894925
v 37.758865 -0.828403 -7.888650
v 37.743126 -0.804298 -7.883400
v 37.737743 -0.775740 -7.879968
v 37.743534 -0.747075 -7.878880
v 37.759617 -0.722669 -7.880299
v 37.783543 -0.706237 -7.884014
v 37.811672 -0.700280 -7.889454
v 37.839722 -0.705705 -7.895792
v 37.863419 -0.721686 -7.902066
v 37.879158 -0.745792 -7.907317
v 37.103275 -0.519679 -11.429160
v 37.109062 -0.491015 -11.428100
v 37.087204 -0.544090 -11.427662
v 37.063297 -0.560526 -11.423837
v 37.035194 -0.566491 -11.418261
v 37.007175 -0.561071 -11.411787
v 36.983505 -0.545095 -11.405401
v 36.967785 -0.520992 -11.400073
v 36.962414 -0.492435 -11.396616
v 36.968201 -0.463769 -11.395555
v 36.984272 -0.439361 -11.397051
v 37.008179 -0.422922 -11.400880
v 37.036282 -0.416960 -11.406454
v 37.064301 -0.422378 -11.412927
v 37.087971 -0.438356 -11.419314
v 37.103691 -0.462457 -11.424641
v 36.363346 -0.236658 -14.945194
v 36.369141 -0.207996 -14.944050
v 36.347240 -0.261059 -14.943929
v 36.323269 -0.277479 -14.940446
v 36.295086 -0.283425 -14.935275
v 36.266983 -0.277988 -14.929205
v 36.243233 -0.261995 -14.923158
v 36.227451 -0.237883 -14.918057
v 36.222050 -0.209322 -14.914676
v 36.227840 -0.180660 -14.913533
v 36.243950 -0.156262 -14.914799
v 36.267918 -0.139839 -14.918283
v 36.296101 -0.133896 -14.923452
v 36.324207 -0.139332 -14.929523
v 36.347958 -0.155324 -14.935568
v 36.363735 -0.179436 -14.940670
v 35.693928 0.045886 -18.461233
v 35.699722 0.074543 -18.460009
v 35.677788 0.021496 -18.460203
v 35.653763 0.005090 -18.457067
v 35.625504 -0.000837 -18.452303
v 35.597317 0.004619 -18.446640
v 35.573490 0.020627 -18.440937
v 35.557655 0.044749 -18.436062
v 35.552223 0.073314 -18.432762
v 35.558018 0.101972 -18.431532
v 35.574158 0.126360 -18.432570
v 35.598183 0.142767 -18.435705
v 35.626442 0.148692 -18.440466
v 35.654629 0.143238 -18.446131
v 35.678455 0.127230 -18.451832
v 35.694290 0.103107 -18.456705
v 35.059696 0.328223 -21.977604
v 35.065491 0.356878 -21.976320
v 35.043537 0.303841 -21.976728
v 35.019474 0.287445 -21.973822
v 34.991165 0.281531 -21.969334
v 34.962929 0.286999 -21.963943
v 34.939056 0.303017 -21.958473
v 34.923187 0.327147 -21.953754
v 34.917732 0.355713 -21.950504
v 34.923527 0.384368 -21.949221
v 34.939686 0.408750 -21.950096
v 34.963753 0.425146 -21.953003
v 34.992058 0.431060 -21.957491
v 35.020294 0.425592 -21.962883
v 35.044167 0.409574 -21.968351
v 35.060040 0.385444 -21.973072
v 34.460720 0.610351 -25.493977
v 34.466515 0.639004 -25.492638
v 34.444542 0.585975 -25.493258
v 34.420444 0.569591 -25.490585
v 34.392094 0.563688 -25.486372
v 34.363808 0.569169 -25.481255
v 34.339890 0.585198 -25.476019
v 34.323986 0.609334 -25.471451
v 34.318512 0.637903 -25.468258
v 34.324306 0.666556 -25.466917
v 34.340485 0.690930 -25.467634
v 34.364582 0.707316 -25.470306
v 34.392933 0.713218 -25.474520
v 34.421223 0.707737 -25.479635
v 34.445137 0.691708 -25.484877
v 34.461040 0.667572 -25.489441
v 33.896999 0.892281 -29.010353
v 33.902794 0.920930 -29.008953
v 33.880802 0.867912 -29.009789
v 33.856674 0.851538 -29.007355
v 33.828281 0.845649 -29.003418
v 33.799946 0.851141 -28.998577
v 33.775990 0.867181 -28.993570
v 33.760052 0.891325 -28.989162
v 33.754559 0.919895 -28.986015
v 33.760353 0.948545 -28.984621
v 33.776546 0.972913 -28.985182
v 33.800678 0.989287 -28.987617
v 33.829071 0.995177 -28.991554
v 33.857403 0.989684 -28.996397
v 33.881363 0.973646 -29.001402
v 33.897301 0.949502 -29.005814
v 33.368477 1.174037 -32.527058
v 33.374271 1.202687 -32.525639
v 33.352276 1.149674 -32.526577
v 33.328129 1.133306 -32.524261
v 33.299717 1.127421 -32.520462
v 33.271362 1.132921 -32.515759
v 33.247379 1.148966 -32.510872
v 33.231426 1.173111 -32.506538
v 33.225929 1.201685 -32.503426
v 33.231720 1.230335 -32.501999
v 33.247925 1.254697 -32.502480
v 33.272068 1.271068 -32.504799
v 33.300484 1.276951 -32.508598
v 33.328838 1.271450 -32.513298
v 33.352818 1.255407 -32.518185
v 33.368771 1.231261 -32.522522
v 32.840008 1.455783 -36.043438
v 32.845798 1.484427 -36.041954
v 32.823792 1.431425 -36.043110
v 32.799618 1.415066 -36.041027
v 32.771164 1.409197 -36.037514
v 32.742767 1.414709 -36.033081
v 32.718746 1.430763 -36.028431
v 32.702763 1.454916 -36.024258
v 32.697247 1.483491 -36.021194
v 32.703037 1.512139 -36.019714
v 32.719254 1.536494 -36.020035
v 32.743427 1.552853 -36.022114
v 32.771881 1.558723 -36.025639
v 32.800278 1.553211 -36.030060
v 32.824299 1.537157 -36.034714
v 32.840282 1.513004 -36.038895
v 32.382149 1.737157 -39.559139
v 32.387936 1.765799 -39.557549
v 32.365906 1.712816 -39.559139
v 32.341682 1.696478 -39.557529
v 32.313160 1.690633 -39.554573
v 32.284687 1.696171 -39.550705
v 32.260593 1.712245 -39.546520
v 32.244553 1.736413 -39.542656
v 32.239002 1.764994 -39.539711
v 32.244789 1.793635 -39.538113
v 32.261028 1.817977 -39.538120
v 32.285255 1.834315 -39.539726
v 32.313774 1.840160 -39.542686
v 32.342251 1.834622 -39.546551
v 32.366341 1.818547 -39.550732
v 32.382385 1.794379 -39.554592
v 31.994823 2.018228 -43.074505
v 32.000603 2.046862 -43.072765
v 31.978559 1.993903 -43.074898
v 31.954285 1.977594 -43.073895
v 31.925692 1.971780 -43.071640
v 31.897139 1.977347 -43.068474
v 31.872969 1.993452 -43.064892
v 31.856861 2.017636 -43.061424
v 31.851273 2.046225 -43.058609
v 31.857050 2.074859 -43.056866
v 31.873314 2.099182 -43.056477
v 31.897589 2.115493 -43.057484
v 31.926182 2.121306 -43.059738
v 31.954735 2.115737 -43.062901
v 31.978905 2.099635 -43.066483
v 31.995010 2.075449 -43.069946
v 31.713270 2.298936 -46.589512
v 31.719030 2.327564 -46.587601
v 31.696993 2.274634 -46.590393
v 31.672674 2.258357 -46.590111
v 31.644020 2.252584 -46.588707
v 31.615393 2.258189 -46.586395
v 31.591148 2.274324 -46.583534
v 31.574980 2.298532 -46.580547
v 31.569345 2.327126 -46.577900
v 31.575108 2.355752 -46.575989
v 31.591385 2.380055 -46.575104
v 31.615702 2.396333 -46.575394
v 31.644356 2.402108 -46.576797
v 31.672983 2.396501 -46.579105
v 31.697227 2.380364 -46.581970
v 31.713398 2.356157 -46.584949
v 31.537378 2.579455 -50.105549
v 31.543131 2.608077 -50.103546
v 31.521099 2.555163 -50.106667
v 31.496771 2.538902 -50.106750
v 31.468096 2.533146 -50.105770
v 31.439440 2.538773 -50.103889
v 31.415167 2.554925 -50.101387
v 31.398970 2.579144 -50.098648
v 31.393316 2.607742 -50.096077
v 31.399069 2.636364 -50.094082
v 31.415348 2.660655 -50.092964
v 31.439676 2.676916 -50.092880
v 31.468353 2.682671 -50.093857
v 31.497007 2.677046 -50.095737
v 31.521282 2.660894 -50.098244
v 31.537477 2.636676 -50.100983
v 31.361473 2.859972 -53.621582
v 31.367214 2.888592 -53.619492
v 31.345196 2.835693 -53.622944
v 31.320860 2.819448 -53.623386
v 31.292170 2.813711 -53.622837
v 31.263493 2.819358 -53.621384
v 31.239195 2.835526 -53.619247
v 31.222977 2.859755 -53.616749
v 31.217304 2.888354 -53.614265
v 31.223045 2.916977 -53.612183
v 31.239323 2.941256 -53.610813
v 31.263659 2.957502 -53.610374
v 31.292349 2.963237 -53.610920
v 31.321026 2.957591 -53.612373
v 31.345324 2.941422 -53.614513
v 31.361544 2.917194 -53.617012
v 31.291376 3.140270 -57.135548
v 31.297075 3.168879 -57.133209
v 31.275127 3.116023 -57.137642
v 31.250801 3.099828 -57.139168
v 31.222103 3.094149 -57.139904
v 31.193401 3.099852 -57.139725
v 31.169065 3.116069 -57.138668
v 31.152800 3.140331 -57.136898
v 31.147081 3.168944 -57.134663
v 31.152781 3.197553 -57.132332
v 31.169029 3.221800 -57.130241
v 31.193356 3.237997 -57.128712
v 31.222054 3.243673 -57.127975
v 31.250755 3.237970 -57.128151
v 31.275091 3.221752 -57.129208
v 31.291355 3.197493 -57.130985
v 31.423645 3.371963 -60.043903
v 31.429432 3.400601 -60.042259
v 31.407394 3.347627 -60.044014
v 31.383156 3.331298 -60.042568
v 31.354614 3.325460 -60.039791
v 31.326118 3.331005 -60.036098
v 31.302006 3.347088 -60.032066
v 31.285948 3.371259 -60.028290
v 31.280388 3.399839 -60.025360
v 31.286173 3.428478 -60.023716
v 31.302423 3.452816 -60.023609
v 31.326664 3.469145 -60.025055
v 31.355206 3.474981 -60.027832
v 31.383699 3.469437 -60.031521
v 31.407812 3.453355 -60.035561
v 31.423870 3.429182 -60.039330
v 30.663160 3.582603 -62.645042
v 30.668888 3.611298 -62.644623
v 30.647478 3.558113 -62.641773
v 30.624228 3.541558 -62.635319
v 30.596951 3.535455 -62.626656
v 30.569798 3.540734 -62.617104
v 30.546904 3.556595 -62.608124
v 30.531754 3.580620 -62.601074
v 30.526655 3.609150 -62.597031
v 30.532381 3.637846 -62.596615
v 30.548065 3.662334 -62.599876
v 30.571316 3.678892 -62.606339
v 30.598593 3.684993 -62.615002
v 30.625746 3.679713 -62.624546
v 30.648640 3.663852 -62.633526
v 30.663790 3.639830 -62.640583
v 29.604755 3.813861 -65.463852
v 29.610437 3.842566 -65.463707
v 29.589291 3.789339 -65.459877
v 29.566397 3.772735 -65.452347
v 29.539558 3.766578 -65.442451
v 29.512863 3.771801 -65.431656
v 29.490374 3.787614 -65.421631
v 29.475513 3.811607 -65.413895
v 29.470547 3.840127 -65.409615
v 29.476229 3.868834 -65.409462
v 29.491693 3.893356 -65.413452
v 29.514587 3.909959 -65.420959
v 29.541426 3.916119 -65.430878
v 29.568121 3.910894 -65.441658
v 29.590611 3.895082 -65.451698
v 29.605471 3.871088 -65.459427
v 28.476515 4.045899 -68.280388
v 28.482183 4.074609 -68.280296
v 28.461105 4.021368 -68.276230
v 28.438303 4.004754 -68.268471
v 28.411577 3.998582 -68.258286
v 28.384996 4.003795 -68.247200
v 28.362610 4.019594 -68.236931
v 28.347822 4.043581 -68.229027
v 28.342888 4.072100 -68.224709
v 28.348557 4.100809 -68.224609
v 28.363964 4.125338 -68.228760
v 28.386768 4.141954 -68.236534
v 28.413494 4.148125 -68.246735
v 28.440075 4.142914 -68.257797
v 28.462461 4.127112 -68.268074
v 28.477249 4.103126 -68.275970
v 27.348415 4.277919 -71.096565
v 27.354076 4.306631 -71.096519
v 27.333035 4.253386 -71.092346
v 27.310278 4.236767 -71.084457
v 27.283607 4.230588 -71.074120
v 27.257088 4.235792 -71.062897
v 27.234751 4.251588 -71.052498
v 27.220001 4.275570 -71.044525
v 27.215082 4.304089 -71.040176
v 27.220745 4.332799 -71.040108
v 27.236126 4.357333 -71.044350
v 27.258883 4.373952 -71.052231
v 27.285551 4.380132 -71.062576
v 27.312073 4.374926 -71.073799
v 27.334410 4.359130 -71.084183
v 27.349159 4.335149 -71.092163
v 26.184681 4.510429 -73.913429
v 26.190323 4.539145 -73.913460
v 26.169388 4.485887 -73.908951
v 26.146770 4.469252 -73.900711
v 26.120275 4.463053 -73.889938
v 26.093933 4.468241 -73.878304
v 26.071754 4.484018 -73.867554
v 26.057117 4.507991 -73.859337
v 26.052250 4.536502 -73.854912
v 26.057890 4.565219 -73.854942
v 26.073183 4.589762 -73.859413
v 26.095798 4.606400 -73.867668
v 26.122295 4.612597 -73.878433
v 26.148638 4.607411 -73.890076
v 26.170816 4.591630 -73.900818
v 26.185453 4.567661 -73.909035
v 24.950857 4.743835 -76.728935
v 24.956507 4.772550 -76.728943
v 24.935535 4.719296 -76.724556
v 24.912870 4.702663 -76.716415
v 24.886316 4.696471 -76.705788
v 24.859915 4.701664 -76.694283
v 24.837685 4.717450 -76.683662
v 24.823008 4.741425 -76.675514
v 24.818123 4.769939 -76.671112
v 24.823772 4.798651 -76.671112
v 24.839094 4.823193 -76.675507
v 24.861757 4.839824 -76.683647
v 24.888311 4.846015 -76.694260
v 24.914715 4.840823 -76.705772
v 24.936947 4.825039 -76.716408
v 24.951620 4.801064 -76.724525
v 23.823193 4.975812 -79.544106
v 23.828856 5.004521 -79.544037
v 23.807814 4.951278 -79.539864
v 23.785055 4.934657 -79.531975
v 23.758387 4.928480 -79.521645
v 23.731865 4.933685 -79.510422
v 23.709530 4.949479 -79.500023
v 23.694780 4.973462 -79.492050
v 23.689861 5.001979 -79.487694
v 23.695522 5.030690 -79.487640
v 23.710903 5.055222 -79.491867
v 23.733662 5.071844 -79.499756
v 23.760330 5.078019 -79.510094
v 23.786852 5.072818 -79.521317
v 23.809187 5.057019 -79.531708
v 23.823936 5.033037 -79.539680
v 22.659576 5.208308 -82.360695
v 22.665224 5.237022 -82.360695
v 22.644260 5.183767 -82.356277
v 22.621607 5.167135 -82.348129
v 22.595064 5.160945 -82.337479
v 22.568674 5.166134 -82.325943
v 22.546453 5.181916 -82.315292
v 22.531784 5.205893 -82.307137
v 22.526903 5.234407 -82.302727
v 22.532551 5.263120 -82.302727
v 22.547867 5.287661 -82.307137
v 22.570520 5.304293 -82.315292
v 22.597063 5.310487 -82.325951
v 22.623453 5.305295 -82.337486
v 22.645676 5.289510 -82.348137
v 22.660343 5.265538 -82.356293
v 21.599737 5.412453 -84.829124
v 21.605276 5.441186 -84.829536
v 21.584866 5.387863 -84.823608
v 21.562923 5.371159 -84.813828
v 21.537252 5.364882 -84.801262
v 21.511759 5.369985 -84.787834
v 21.490326 5.385695 -84.775581
v 21.476215 5.409623 -84.766373
v 21.471575 5.438121 -84.761612
v 21.477114 5.466855 -84.762024
v 21.491985 5.491446 -84.767548
v 21.513927 5.508152 -84.777328
v 21.539600 5.514430 -84.789886
v 21.565092 5.509324 -84.803314
v 21.586527 5.493613 -84.815575
v 21.600637 5.469687 -84.824783
v 20.204205 5.612559 -87.174911
v 20.209618 5.641309 -87.175674
v 20.189793 5.587927 -87.168442
v 20.168581 5.571157 -87.157257
v 20.143797 5.564805 -87.143051
v 20.119213 5.569837 -87.127998
v 20.098574 5.585486 -87.114372
v 20.085018 5.609373 -87.104271
v 20.080612 5.637858 -87.099213
v 20.086027 5.666607 -87.099983
v 20.100437 5.691240 -87.106461
v 20.121651 5.708011 -87.117645
v 20.146435 5.714363 -87.131851
v 20.171019 5.709331 -87.146912
v 20.191658 5.693680 -87.160515
v 20.205214 5.669793 -87.170616
v 20.214491 5.789715 -87.159195
v 20.208542 5.761073 -87.159950
v 8.627570 8.900114 -115.241165
v 8.633518 8.928757 -115.240417
v 20.192938 5.736596 -87.156250
v 8.611965 8.875638 -115.237473
v 20.170052 5.720011 -87.148659
v 8.589079 8.859051 -115.229889
v 20.143372 5.713841 -87.138344
v 8.562398 8.852880 -115.219566
v 20.116955 5.719026 -87.126877
v 8.535982 8.858068 -115.208099
v 20.094826 5.734778 -87.115990
v 8.513853 8.873820 -115.197205
v 20.080353 5.758701 -87.107353
v 8.499381 8.897742 -115.188568
v 20.075741 5.787148 -87.102264
v 8.494767 8.926190 -115.183479
v 20.081690 5.815790 -87.101517
v 8.500716 8.954831 -115.182739
v 20.097294 5.840268 -87.105209
v 8.516321 8.979310 -115.186432
v 20.120178 5.856854 -87.112808
v 8.539206 8.995895 -115.194016
v 20.146860 5.863025 -87.123116
v 8.565888 9.002067 -115.204330
v 20.173277 5.857836 -87.134590
v 8.592304 8.996879 -115.215805
v 20.195404 5.842085 -87.145477
v 8.614433 8.981126 -115.226692
v 20.209879 5.818165 -87.154114
v 8.628905 8.957207 -115.235336
v 8.637857 8.926849 -115.198135
v 8.632376 8.898265 -115.201180
v 9.256198 9.131401 -118.519920
v 9.261710 9.159988 -118.516991
v 8.616507 8.874125 -115.205849
v 9.240264 9.107248 -118.524307
v 8.592667 8.858110 -115.211456
v 9.216336 9.091209 -118.529465
v 8.564483 8.852654 -115.217140
v 9.188056 9.085731 -118.534615
v 8.536248 8.858586 -115.222031
v 9.159729 9.091640 -118.538979
v 8.512260 8.875009 -115.225395
v 9.135668 9.108040 -118.541878
v 8.496170 8.899417 -115.226700
v 9.119536 9.132436 -118.542885
v 8.490428 8.928096 -115.225761
v 9.113788 9.161110 -118.541840
v 8.495909 8.956680 -115.222717
v 9.119301 9.189702 -118.538910
v 8.511778 8.980820 -115.218048
v 9.135235 9.213852 -118.534531
v 8.535619 8.996834 -115.212433
v 9.159163 9.229888 -118.529373
v 8.563802 9.002292 -115.206749
v 9.187443 9.235369 -118.524216
v 8.592038 8.996360 -115.201866
v 9.215770 9.229460 -118.519852
v 8.616026 8.979937 -115.198509
v 9.239831 9.213058 -118.516953
v 8.632116 8.955529 -115.197205
v 9.255963 9.188665 -118.515938
v 9.785517 9.378286 -122.042107
v 9.791058 9.406878 -122.039261
v 9.769528 9.354122 -122.046204
v 9.745525 9.338062 -122.050919
v 9.717162 9.332560 -122.055573
v 9.688757 9.338449 -122.059433
v 9.664635 9.354828 -122.061920
v 9.648468 9.379211 -122.062637
v 9.642717 9.407881 -122.061493
v 9.648258 9.436474 -122.058655
v 9.664248 9.460640 -122.054558
v 9.688251 9.476692 -122.049820
v 9.716614 9.482197 -122.045174
v 9.745019 9.476313 -122.041321
v 9.769141 9.459929 -122.038841
v 9.785308 9.435547 -122.038132
v 10.314789 9.625156 -125.564072
v 10.320352 9.653757 -125.561310
v 10.298757 9.600983 -125.567932
v 10.274697 9.584911 -125.572311
v 10.246273 9.579391 -125.576553
v 10.217811 9.585258 -125.579979
v 10.193644 9.601624 -125.582108
v 10.177452 9.625992 -125.582588
v 10.171700 9.654661 -125.581352
v 10.177263 9.683258 -125.578606
v 10.193295 9.707432 -125.574738
v 10.217354 9.723505 -125.570366
v 10.245779 9.729027 -125.566132
v 10.274241 9.723160 -125.562698
v 10.298408 9.706793 -125.560562
v 10.314600 9.682425 -125.560081
v 10.738153 9.871670 -129.085709
v 10.743731 9.900272 -129.083023
v 10.722095 9.847488 -129.089417
v 10.698001 9.831406 -129.093567
v 10.669538 9.825867 -129.097504
v 10.641041 9.831724 -129.100677
v 10.616848 9.848080 -129.102554
v 10.600641 9.872442 -129.102875
v 10.594888 9.901112 -129.101608
v 10.600466 9.929708 -129.098892
v 10.616524 9.953894 -129.095200
v 10.640618 9.969973 -129.091049
v 10.669081 9.975506 -129.087082
v 10.697578 9.969652 -129.083939
v 10.721771 9.953297 -129.082062
v 10.737978 9.928936 -129.081741
v 11.196796 10.118290 -132.607376
v 11.202387 10.146891 -132.604721
v 11.180713 10.094101 -132.610916
v 11.156586 10.078011 -132.614853
v 11.128089 10.072462 -132.618500
v 11.099559 10.078302 -132.621368
v 11.075341 10.094645 -132.623001
v 11.059121 10.119001 -132.623169
v 11.053369 10.147665 -132.621841
v 11.058960 10.176266 -132.619186
v 11.075043 10.200459 -132.615646
v 11.099170 10.216553 -132.611740
v 11.127667 10.222095 -132.608063
v 11.156197 10.216253 -132.605194
v 11.180415 10.199911 -132.603546
v 11.196635 10.175556 -132.603394
v 11.549609 10.364626 -136.129364
v 11.555220 10.393234 -136.126785
v 11.533492 10.340431 -136.132690
v 11.509320 10.324314 -136.136215
v 11.480776 10.318750 -136.139465
v 11.452203 10.324575 -136.141937
v 11.427952 10.340900 -136.143204
v 11.411715 10.365246 -136.143127
v 11.405964 10.393906 -136.141708
v 11.411574 10.422512 -136.139145
v 11.427692 10.446711 -136.135834
v 11.451863 10.462820 -136.132278
v 11.480408 10.468391 -136.129059
v 11.508981 10.462564 -136.126587
v 11.533232 10.446234 -136.125290
v 11.549469 10.421890 -136.125381
v 11.902408 10.610964 -139.651382
v 11.908036 10.639572 -139.648880
v 11.886259 10.586752 -139.654434
v 11.862048 10.570625 -139.657623
v 11.833462 10.565046 -139.660461
v 11.804852 10.570850 -139.662506
v 11.780574 10.587154 -139.663391
v 11.764323 10.611494 -139.663101
v 11.758575 10.640150 -139.661591
v 11.764204 10.668760 -139.659119
v 11.780353 10.692961 -139.656006
v 11.804563 10.709097 -139.652847
v 11.833149 10.714680 -139.650024
v 11.861760 10.708876 -139.647995
v 11.886038 10.692564 -139.647064
v 11.902288 10.668224 -139.647369
v 12.149356 10.857098 -143.173737
v 12.155007 10.885710 -143.171356
v 12.133171 10.832870 -143.176468
v 12.108916 10.816725 -143.179199
v 12.080285 10.811115 -143.181473
v 12.051635 10.816893 -143.182907
v 12.027328 10.833179 -143.183334
v 12.011065 10.857498 -143.182709
v 12.005323 10.886150 -143.181091
v 12.010974 10.914766 -143.178726
v 12.027159 10.938992 -143.175980
v 12.051413 10.955137 -143.173248
v 12.080045 10.960745 -143.170990
v 12.108695 10.954971 -143.169540
v 12.133002 10.938677 -143.169083
v 12.149264 10.914358 -143.169724
v 12.360948 11.103128 -146.695068
v 12.366605 11.131742 -146.692734
v 12.344755 11.078896 -146.697723
v 12.320491 11.062746 -146.700317
v 12.291850 11.057127 -146.702438
v 12.263192 11.062899 -146.703751
v 12.238879 11.079180 -146.704056
v 12.222615 11.103497 -146.703323
v 12.216874 11.132145 -146.701691
v 12.222530 11.160763 -146.699341
v 12.238723 11.184994 -146.696701
v 12.262987 11.201147 -146.694092
v 12.291629 11.206762 -146.691986
v 12.320287 11.200989 -146.690659
v 12.344599 11.184710 -146.690353
v 12.360864 11.160389 -146.691055
v 12.572537 11.349157 -150.216370
v 12.578198 11.377769 -150.214035
v 12.556337 11.324919 -150.218933
v 12.532065 11.308767 -150.221436
v 12.503416 11.303143 -150.223434
v 12.474751 11.308908 -150.224625
v 12.450434 11.325184 -150.224808
v 12.434168 11.349503 -150.224045
v 12.428429 11.378149 -150.222351
v 12.434090 11.406767 -150.220032
v 12.450290 11.430994 -150.217407
v 12.474562 11.447155 -150.214981
v 12.503211 11.452774 -150.212952
v 12.531876 11.447012 -150.211792
v 12.556193 11.430733 -150.211578
v 12.572459 11.406424 -150.212372
v 12.713601 11.545967 -153.033966
v 12.719274 11.574585 -153.031738
v 12.697385 11.521727 -153.036377
v 12.673093 11.505550 -153.038544
v 12.644425 11.499910 -153.040207
v 12.615745 11.505665 -153.041061
v 12.591419 11.521929 -153.040955
v 12.575150 11.546232 -153.039978
v 12.569416 11.574875 -153.038208
v 12.575089 11.603502 -153.035995
v 12.591305 11.627743 -153.033600
v 12.615597 11.643911 -153.031403
v 12.644265 11.649548 -153.029755
v 12.672945 11.643797 -153.028885
v 12.697271 11.627535 -153.028992
v 12.713540 11.603228 -153.029968
v 12.784111 11.688616 -155.076752
v 12.789792 11.717239 -155.074570
v 12.767883 11.664371 -155.079010
v 12.743580 11.648191 -155.080994
v 12.714900 11.642544 -155.082382
v 12.686211 11.648281 -155.082962
v 12.661880 11.664536 -155.082657
v 12.645611 11.688833 -155.081512
v 12.639881 11.717476 -155.079727
v 12.645562 11.746099 -155.077545
v 12.661790 11.770340 -155.075256
v 12.686094 11.786528 -155.073318
v 12.714773 11.792179 -155.071945
v 12.743462 11.786438 -155.071335
v 12.767793 11.770185 -155.071655
v 12.784062 11.745884 -155.072784
v 5.691114 11.652348 -155.521973
v 5.691879 11.623934 -155.528931
v 12.710099 11.685575 -155.009399
v 12.709335 11.713989 -155.002441
v 5.693364 11.600351 -155.546173
v 12.711585 11.662001 -155.026672
v 5.695345 11.585207 -155.571152
v 12.713566 11.646849 -155.051620
v 5.697519 11.580791 -155.599976
v 12.715740 11.642435 -155.080444
v 5.699556 11.587784 -155.628311
v 12.717777 11.649429 -155.108826
v 5.701145 11.605125 -155.651871
v 12.719366 11.666763 -155.132355
v 5.702044 11.630159 -155.666992
v 12.720265 11.691805 -155.147461
v 5.702117 11.659086 -155.671387
v 12.720338 11.720732 -155.151886
v 5.701353 11.687502 -155.664429
v 12.719574 11.749142 -155.144897
v 5.699867 11.711075 -155.647156
v 12.718088 11.772718 -155.127640
v 5.697886 11.726227 -155.622208
v 12.716107 11.787867 -155.102692
v 5.695712 11.730635 -155.593353
v 12.713933 11.792280 -155.073837
v 5.693676 11.723642 -155.565018
v 12.711897 11.785284 -155.045486
v 5.692087 11.706310 -155.541504
v 12.710307 11.767948 -155.021957
v 5.691187 11.681271 -155.526367
v 12.709408 11.742918 -155.006882
vn 0.9776 -0.1924 -0.0849
vn 0.8277 -0.5517 -0.1028
vn 0.5516 -0.8274 -0.1052
vn 0.1913 -0.9772 -0.0916
vn -0.1982 -0.9781 -0.0640
vn -0.5575 -0.8297 -0.0266
vn -0.8316 -0.5552 0.0147
vn -0.9791 -0.1964 0.0538
vn -0.9777 0.1923 0.0847
vn -0.8276 0.5518 0.1028
vn -0.5516 0.8274 0.1052
vn -0.1914 0.9772 0.0916
vn 0.1983 0.9781 0.0640
vn 0.5576 0.8297 0.0265
vn 0.8317 0.5551 -0.0148
vn 0.9790 0.1964 -0.0539
vn 0.9607 -0.1847 -0.2074
vn 0.8124 -0.5452 -0.2066
vn 0.5403 -0.8232 -0.1745
vn 0.5385 -0.8233 -0.1796
vn 0.1858 -0.9758 -0.1157
vn 0.1847 -0.9758 -0.1174
vn -0.1972 -0.9796 -0.0393
vn -0.1974 -0.9796 -0.0373
vn -0.5500 -0.8340 0.0432
vn -0.5493 -0.8342 0.0484
vn -0.8189 -0.5615 0.1190
vn -0.9629 -0.2040 0.1766
vn -0.9607 0.1847 0.2074
vn -0.8123 0.5454 0.2067
vn -0.5404 0.8231 0.1745
vn -0.5385 0.8232 0.1796
vn -0.1858 0.9758 0.1157
vn -0.1846 0.9758 0.1174
vn 0.1972 0.9796 0.0392
vn 0.1974 0.9796 0.0373
vn 0.5500 0.8341 -0.0431
vn 0.5493 0.8342 -0.0485
vn 0.8189 0.5615 -0.1190
vn 0.9630 0.2038 -0.1766
vn 0.9565 -0.1848 -0.2258
vn 0.9575 -0.1851 -0.2212
vn 0.8080 -0.5457 -0.2222
vn 0.8068 -0.5490 -0.2186
vn 0.5372 -0.8236 -0.1821
vn 0.1838 -0.9758 -0.1182
vn -0.1977 -0.9796 -0.0363
vn -0.5491 -0.8342 0.0511
vn -0.8161 -0.5621 0.1347
vn -0.8169 -0.5618 0.1308
vn -0.9593 -0.2041 0.1951
vn -0.9603 -0.2038 0.1905
vn -0.9565 0.1846 0.2257
vn -0.9575 0.1849 0.2212
vn -0.8081 0.5456 0.2221
vn -0.8089 0.5459 0.2183
vn -0.5374 0.8235 0.1821
vn -0.1837 0.9758 0.1182
vn 0.1977 0.9796 0.0363
vn 0.5491 0.8342 -0.0511
vn 0.8160 0.5622 -0.1346
vn 0.8168 0.5618 -0.1308
vn 0.9593 0.2042 -0.1950
vn 0.9612 0.1994 -0.1906
vn 0.9612 0.1994 -0.1905
vn 0.9585 -0.1853 -0.2166
vn 0.8099 -0.5460 -0.2144
vn 0.5392 -0.8240 -0.1743
vn 0.1847 -0.9760 -0.1155
vn -0.1979 -0.9794 -0.0391
vn -0.5504 -0.8338 0.0433
vn -0.8176 -0.5616 0.1269
vn -0.9613 -0.2035 0.1859
vn -0.9585 0.1852 0.2166
vn -0.8098 0.5461 0.2144
vn -0.5392 0.8239 0.1743
vn -0.1846 0.9760 0.1155
vn 0.1979 0.9794 0.0391
vn 0.5504 0.8338 -0.0433
vn 0.8177 0.5615 -0.1269
vn 0.9612 0.2038 -0.1859
vn 0.9623 -0.1864 -0.1982
vn 0.9632 -0.1865 -0.1935
vn 0.8132 -0.5469 -0.1988
vn 0.8141 -0.5470 -0.1949
vn 0.5411 -0.8243 -0.1665
vn 0.1857 -0.9761 -0.1128
vn -0.1980 -0.9793 -0.0420
vn -0.5515 -0.8334 0.0353
vn -0.8205 -0.5608 0.1111
vn -0.8211 -0.5606 0.1072
vn -0.9648 -0.2026 0.1674
vn -0.9657 -0.2024 0.1628
vn -0.9623 0.1863 0.1982
vn -0.9632 0.1865 0.1935
vn -0.8132 0.5469 0.1988
vn -0.8141 0.5471 0.1948
vn -0.5411 0.8243 0.1665
vn -0.1856 0.9761 0.1128
vn 0.1980 0.9793 0.0419
vn 0.5516 0.8334 -0.0353
vn 0.8204 0.5608 -0.1111
vn 0.8211 0.5607 -0.1072
vn 0.9649 0.2025 -0.1674
vn 0.9657 0.2024 -0.1628
vn 0.9650 -0.1869 -0.1842
vn 0.8137 -0.5506 -0.1864
vn 0.5423 -0.8246 -0.1613
vn 0.1863 -0.9762 -0.1110
vn -0.1980 -0.9792 -0.0439
vn -0.5522 -0.8332 0.0300
vn -0.8224 -0.5602 0.0993
vn -0.9673 -0.2022 0.1534
vn -0.9650 0.1869 0.1842
vn -0.8158 0.5473 0.1870
vn -0.5423 0.8246 0.1613
vn -0.1864 0.9762 0.1110
vn 0.1980 0.9792 0.0439
vn 0.5522 0.8332 -0.0300
vn 0.8223 0.5603 -0.0992
vn 0.9673 0.2020 -0.1534
vn 0.9666 -0.1873 -0.1748
vn 0.8173 -0.5477 -0.1790
vn 0.5435 -0.8248 -0.1560
vn 0.1870 -0.9763 -0.1092
vn -0.1980 -0.9791 -0.0458
vn -0.5528 -0.8330 0.0246
vn -0.8235 -0.5599 0.0913
vn -0.9688 -0.2017 0.1440
vn -0.9666 0.1872 0.1748
vn -0.8173 0.5477 0.1790
vn -0.5435 0.8248 0.1560
vn -0.1870 0.9763 0.1092
vn 0.1980 0.9791 0.0458
vn 0.5529 0.8329 -0.0246
vn 0.8235 0.5599 -0.0912
vn 0.9688 0.2018 -0.1440
vn 0.9682 -0.1879 -0.1654
vn 0.8187 -0.5481 -0.1711
vn 0.5446 -0.8251 -0.1507
vn 0.1876 -0.9764 -0.1074
vn -0.1980 -0.9790 -0.0477
vn -0.5534 -0.8327 0.0192
vn -0.8246 -0.5595 0.0832
vn -0.9703 -0.2012 0.1346
vn -0.9682 0.1877 0.1654
vn -0.8187 0.5482 0.1711
vn -0.5446 0.8250 0.1507
vn -0.1876 0.9764 0.1074
vn 0.1980 0.9790 0.0477
vn 0.5535 0.8326 -0.0192
vn 0.8246 0.5595 -0.0832
vn 0.9702 0.2014 -0.1345
vn 0.9689 -0.1880 -0.1607
vn 0.8195 -0.5481 -0.1671
vn 0.5452 -0.8251 -0.1481
vn 0.1880 -0.9764 -0.1065
vn -0.1979 -0.9790 -0.0487
vn -0.5537 -0.8326 0.0165
vn -0.8251 -0.5594 0.0792
vn -0.9709 -0.2012 0.1298
vn -0.9690 0.1879 0.1607
vn -0.8194 0.5483 0.1671
vn -0.5453 0.8251 0.1480
vn -0.1880 0.9764 0.1065
vn 0.1979 0.9790 0.0487
vn 0.5537 0.8326 -0.0165
vn 0.8251 0.5594 -0.0792
vn 0.9709 0.2011 -0.1298
vn 0.9690 -0.1878 -0.1607
vn 0.8196 -0.5480 -0.1671
vn 0.5463 -0.8253 -0.1427
vn 0.1886 -0.9765 -0.1046
vn -0.1978 -0.9789 -0.0506
vn -0.5541 -0.8324 0.0111
vn -0.8251 -0.5595 0.0792
vn -0.9709 -0.2010 0.1299
vn -0.9690 0.1877 0.1607
vn -0.8195 0.5482 0.1671
vn -0.5463 0.8253 0.1427
vn -0.1886 0.9765 0.1046
vn 0.1978 0.9789 0.0506
vn 0.5541 0.8324 -0.0111
vn 0.8250 0.5595 -0.0792
vn 0.9709 0.2012 -0.1298
vn 0.9717 -0.1888 -0.1417
vn 0.8221 -0.5489 -0.1510
vn 0.5483 -0.8258 -0.1319
vn 0.1897 -0.9766 -0.1009
vn -0.1977 -0.9788 -0.0545
vn -0.5550 -0.8319 0.0002
vn -0.8270 -0.5587 0.0630
vn -0.9735 -0.2000 0.1108
vn -0.9717 0.1888 0.1417
vn -0.8221 0.5489 0.1510
vn -0.5482 0.8259 0.1320
vn -0.1897 0.9766 0.1009
vn 0.1977 0.9787 0.0545
vn 0.5550 0.8318 -0.0002
vn 0.8270 0.5587 -0.0630
vn 0.9735 0.2001 -0.1108
vn 0.9742 -0.1896 -0.1225
vn 0.8245 -0.5495 -0.1348
vn 0.5492 -0.8260 -0.1265
vn 0.1910 -0.9769 -0.0962
vn -0.1973 -0.9785 -0.0594
vn -0.5553 -0.8316 -0.0053
vn -0.8285 -0.5580 0.0467
vn -0.9756 -0.1994 0.0916
vn -0.9742 0.1896 0.1225
vn -0.8245 0.5496 0.1348
vn -0.5492 0.8261 0.1266
vn -0.1911 0.9769 0.0962
vn 0.1974 0.9785 0.0594
vn 0.5553 0.8316 0.0053
vn 0.8285 0.5580 -0.0467
vn 0.9756 0.1994 -0.0916
vn 0.9771 -0.1910 -0.0935
vn 0.8273 -0.5508 -0.1103
vn 0.5516 -0.8268 -0.1102
vn 0.1923 -0.9772 -0.0905
vn -0.1970 -0.9782 -0.0652
vn -0.5562 -0.8308 -0.0218
vn -0.8303 -0.5568 0.0221
vn -0.9782 -0.1979 0.0626
vn -0.9771 0.1911 0.0935
vn -0.8274 0.5507 0.1102
vn -0.5516 0.8268 0.1102
vn -0.1924 0.9771 0.0905
vn 0.1970 0.9782 0.0652
vn 0.5561 0.8308 0.0218
vn 0.8304 0.5568 -0.0221
vn 0.9782 0.1981 -0.0625
vn 0.9792 -0.1926 -0.0644
vn 0.9792 -0.1923 -0.0643
vn 0.8294 -0.5521 -0.0855
vn 0.8295 -0.5519 -0.0855
vn 0.5533 -0.8277 -0.0937
vn 0.5535 -0.8276 -0.0937
vn 0.1932 -0.9772 -0.0876
vn -0.1966 -0.9781 -0.0682
vn -0.5566 -0.8299 -0.0383
vn -0.5563 -0.8301 -0.0384
vn -0.8315 -0.5555 -0.0027
vn -0.8314 -0.5557 -0.0027
vn -0.9800 -0.1964 0.0334
vn -0.9799 -0.1967 0.0333
vn -0.9792 0.1925 0.0643
vn -0.9792 0.1923 0.0643
vn -0.8293 0.5522 0.0856
vn -0.8295 0.5519 0.0855
vn -0.5533 0.8277 0.0937
vn -0.5535 0.8276 0.0937
vn -0.1931 0.9772 0.0876
vn 0.1965 0.9781 0.0682
vn 0.5565 0.8299 0.0384
vn 0.5563 0.8301 0.0384
vn 0.8315 0.5555 0.0027
vn 0.8314 0.5557 0.0027
vn 0.9800 0.1964 -0.0334
vn 0.9799 0.1966 -0.0333
vn 0.9793 -0.1921 -0.0643
vn 0.8297 -0.5517 -0.0855
vn 0.5537 -0.8274 -0.0937
vn 0.1941 -0.9773 -0.0847
vn -0.1959 -0.9780 -0.0711
vn -0.5561 -0.8302 -0.0384
vn -0.8313 -0.5559 -0.0027
vn -0.9798 -0.1969 0.0333
vn -0.9793 0.1920 0.0643
vn -0.8297 0.5517 0.0855
vn -0.5537 0.8274 0.0937
vn -0.1940 0.9773 0.0847
vn 0.1959 0.9780 0.0711
vn 0.5561 0.8302 0.0384
vn 0.8313 0.5559 0.0028
vn 0.9799 0.1969 -0.0333
vn 0.9805 -0.1933 -0.0350
vn 0.8311 -0.5528 -0.0607
vn 0.5552 -0.8281 -0.0771
vn 0.1946 -0.9780 -0.0755
vn -0.1967 -0.9772 -0.0805
vn -0.1967 -0.9771 -0.0805
vn -0.5560 -0.8294 -0.0550
vn -0.8316 -0.5547 -0.0276
vn -0.9807 -0.1956 0.0040
vn -0.9805 0.1933 0.0350
vn -0.8311 0.5528 0.0607
vn -0.5552 0.8281 0.0771
vn -0.1945 0.9780 0.0755
vn 0.1967 0.9772 0.0805
vn 0.5560 0.8294 0.0550
vn 0.8316 0.5547 0.0276
vn 0.9807 0.1956 -0.0040
vn 0.9797 -0.1986 0.0287
vn 0.8313 -0.5558 -0.0065
vn 0.5560 -0.8302 -0.0408
vn 0.1944 -0.9785 -0.0692
vn -0.1979 -0.9764 -0.0870
vn -0.5590 -0.8241 -0.0914
vn -0.8333 -0.5467 -0.0820
vn -0.9803 -0.1879 -0.0602
vn -0.9797 0.1985 -0.0293
vn -0.8313 0.5558 0.0060
vn -0.5561 0.8302 0.0407
vn -0.1943 0.9785 0.0691
vn 0.1978 0.9764 0.0869
vn 0.5590 0.8241 0.0913
vn 0.8333 0.5468 0.0816
vn 0.9804 0.1880 0.0596
vn 0.9405 -0.1784 -0.2893
vn 0.7960 -0.5386 -0.2764
vn 0.5300 -0.8186 -0.2214
vn 0.1813 -0.9745 -0.1322
vn -0.1960 -0.9804 -0.0222
vn -0.5424 -0.8352 0.0911
vn -0.8041 -0.5633 0.1899
vn -0.9431 -0.2077 0.2596
vn -0.9403 0.1783 0.2900
vn -0.7959 0.5384 0.2769
vn -0.5299 0.8186 0.2217
vn -0.1813 0.9745 0.1322
vn 0.1960 0.9804 0.0223
vn 0.5424 0.8352 -0.0908
vn 0.8042 0.5634 -0.1893
vn 0.9433 0.2076 -0.2589
vn 0.9162 -0.1787 -0.3587
vn 0.7723 -0.5401 -0.3343
vn 0.5106 -0.8199 -0.2590
vn 0.5080 -0.8197 -0.2645
vn 0.1713 -0.9746 -0.1443
vn 0.1701 -0.9745 -0.1461
vn -0.1942 -0.9809 -0.0076
vn -0.1939 -0.9810 -0.0055
vn -0.5301 -0.8379 0.1303
vn -0.5283 -0.8381 0.1360
vn -0.7853 -0.5672 0.2483
vn -0.9208 -0.2103 0.3285
vn -0.9162 0.1785 0.3587
vn -0.7722 0.5403 0.3343
vn -0.5107 0.8198 0.2591
vn -0.5081 0.8197 0.2645
vn -0.1712 0.9746 0.1443
vn -0.1700 0.9745 0.1461
vn 0.1942 0.9809 0.0076
vn 0.1939 0.9810 0.0054
vn 0.5301 0.8378 -0.1303
vn 0.5283 0.8381 -0.1360
vn 0.7852 0.5673 -0.2482
vn 0.9208 0.2103 -0.3285
vn 0.9083 -0.1780 -0.3785
vn 0.9083 -0.1781 -0.3785
vn 0.7652 -0.5398 -0.3510
vn 0.7651 -0.5399 -0.3509
vn 0.5053 -0.8196 -0.2700
vn 0.1687 -0.9745 -0.1479
vn -0.1937 -0.9811 -0.0033
vn -0.5265 -0.8382 0.1418
vn -0.7791 -0.5680 0.2653
vn -0.7792 -0.5678 0.2654
vn -0.9132 -0.2115 0.3484
vn -0.9133 -0.2109 0.3485
vn -0.9083 0.1779 0.3785
vn -0.9083 0.1781 0.3785
vn -0.7651 0.5398 0.3509
vn -0.7651 0.5399 0.3509
vn -0.5053 0.8196 0.2700
vn -0.1687 0.9745 0.1479
vn 0.1936 0.9811 0.0033
vn 0.5265 0.8383 -0.1418
vn 0.7792 0.5679 -0.2653
vn 0.7792 0.5678 -0.2654
vn 0.9133 0.2111 -0.3484
vn 0.9133 0.2109 -0.3485
vn 0.9063 -0.1780 -0.3834
vn 0.7632 -0.5399 -0.3550
vn 0.5040 -0.8196 -0.2726
vn 0.1680 -0.9745 -0.1487
vn -0.1936 -0.9811 -0.0022
vn -0.5256 -0.8383 0.1447
vn -0.7777 -0.5678 0.2696
vn -0.9114 -0.2110 0.3534
vn -0.9063 0.1780 0.3834
vn -0.7632 0.5399 0.3550
vn -0.5040 0.8196 0.2726
vn -0.1680 0.9745 0.1487
vn 0.1936 0.9811 0.0022
vn 0.5256 0.8383 -0.1447
vn 0.7777 0.5679 -0.2696
vn 0.7777 0.5679 -0.2695
vn 0.9114 0.2110 -0.3534
vn 0.9042 -0.1778 -0.3882
vn 0.7615 -0.5396 -0.3591
vn 0.5003 -0.8191 -0.2807
vn 0.1666 -0.9743 -0.1515
vn -0.1926 -0.9813 0.0008
vn -0.5224 -0.8388 0.1530
vn -0.7762 -0.5680 0.2738
vn -0.9094 -0.2112 0.3583
vn -0.9042 0.1778 0.3883
vn -0.7614 0.5397 0.3591
vn -0.5003 0.8191 0.2807
vn -0.1665 0.9743 0.1515
vn 0.1926 0.9813 -0.0008
vn 0.5225 0.8388 -0.1530
vn 0.7761 0.5681 -0.2737
vn 0.9094 0.2112 -0.3583
vn 0.8961 -0.1764 -0.4073
vn 0.7546 -0.5383 -0.3753
vn 0.4979 -0.8187 -0.2861
vn 0.1670 -0.9744 -0.1505
vn -0.1930 -0.9812 -0.0002
vn -0.5203 -0.8392 0.1584
vn -0.7693 -0.5693 0.2899
vn -0.9013 -0.2125 0.3774
vn -0.8961 0.1763 0.4073
vn -0.7545 0.5384 0.3753
vn -0.4979 0.8187 0.2861
vn -0.1670 0.9744 0.1505
vn 0.1929 0.9812 0.0002
vn 0.5202 0.8392 -0.1584
vn 0.7694 0.5692 -0.2900
vn 0.9013 0.2126 -0.3774
vn 0.9082 -0.1785 -0.3785
vn 0.9063 -0.1781 -0.3834
vn 0.7649 -0.5402 -0.3509
vn 0.5050 -0.8198 -0.2698
vn 0.5039 -0.8196 -0.2726
vn 0.1679 -0.9745 -0.1487
vn -0.1936 -0.9811 -0.0021
vn -0.5269 -0.8380 0.1420
vn -0.5257 -0.8383 0.1447
vn -0.7794 -0.5675 0.2655
vn -0.7778 -0.5678 0.2696
vn -0.9134 -0.2100 0.3486
vn -0.9114 -0.2109 0.3534
vn -0.9082 0.1785 0.3785
vn -0.7649 0.5402 0.3509
vn -0.5050 0.8199 0.2698
vn -0.5039 0.8196 0.2726
vn -0.1679 0.9745 0.1487
vn 0.5269 0.8380 -0.1420
vn 0.5258 0.8382 -0.1448
vn 0.7795 0.5674 -0.2655
vn 0.7778 0.5678 -0.2696
vn 0.9133 0.2106 -0.3485
vn 0.9114 0.2109 -0.3534
vn 0.9016 -0.1778 -0.3944
vn 0.7590 -0.5396 -0.3643
vn 0.5009 -0.8194 -0.2787
vn 0.1664 -0.9745 -0.1506
vn -0.1935 -0.9811 0.0004
vn -0.5239 -0.8382 0.1513
vn -0.7744 -0.5677 0.2792
vn -0.9070 -0.2109 0.3645
vn -0.9016 0.1778 0.3944
vn -0.7591 0.5396 0.3643
vn -0.5009 0.8194 0.2787
vn -0.1664 0.9745 0.1506
vn 0.1934 0.9811 -0.0004
vn 0.5239 0.8382 -0.1514
vn 0.7744 0.5678 -0.2792
vn 0.9070 0.2110 -0.3646
vn 0.8988 -0.1779 -0.4006
vn 0.7566 -0.5395 -0.3695
vn 0.4991 -0.8194 -0.2820
vn 0.1653 -0.9745 -0.1517
vn -0.1937 -0.9811 0.0019
vn -0.5232 -0.8380 0.1552
vn -0.7727 -0.5674 0.2847
vn -0.9045 -0.2107 0.3708
vn -0.8988 0.1780 0.4005
vn -0.7564 0.5398 0.3694
vn -0.4990 0.8194 0.2820
vn -0.1653 0.9745 0.1516
vn 0.1937 0.9811 -0.0020
vn 0.5231 0.8380 -0.1553
vn 0.7726 0.5674 -0.2847
vn 0.9045 0.2107 -0.3709
vn 0.8404 -0.1707 -0.5144
vn 0.7061 -0.5334 -0.4656
vn 0.4644 -0.8153 -0.3459
vn 0.1516 -0.9731 -0.1733
vn -0.1843 -0.9825 0.0257
vn -0.4919 -0.8422 0.2208
vn -0.7244 -0.5738 0.3822
vn -0.8467 -0.2181 0.4852
vn -0.8403 0.1708 0.5146
vn -0.7061 0.5334 0.4657
vn -0.4643 0.8153 0.3459
vn -0.1517 0.9731 0.1733
vn 0.1843 0.9825 -0.0258
vn 0.4920 0.8422 -0.2208
vn 0.7246 0.5736 -0.3821
vn 0.8468 0.2179 -0.4852
vn 0.9027 -0.1772 -0.3921
vn 0.7562 -0.5383 -0.3720
vn 0.4945 -0.8174 -0.2953
vn 0.1576 -0.9721 -0.1737
vn -0.2033 -0.9788 -0.0256
vn -0.5333 -0.8365 0.1264
vn -0.7821 -0.5667 0.2592
vn -0.9118 -0.2109 0.3525
vn -0.9027 0.1772 0.3921
vn -0.7562 0.5383 0.3720
vn -0.4946 0.8174 0.2953
vn -0.1576 0.9721 0.1737
vn 0.2033 0.9788 0.0256
vn 0.5332 0.8365 -0.1264
vn 0.7820 0.5668 -0.2592
vn 0.9118 0.2108 -0.3525
vn 0.9648 -0.2030 0.1671
vn 0.8196 -0.5613 0.1146
vn 0.5497 -0.8342 0.0447
vn 0.1959 -0.9801 -0.0320
vn 0.1963 -0.9799 -0.0356
vn -0.1875 -0.9768 -0.1039
vn -0.1883 -0.9770 -0.1004
vn -0.5425 -0.8247 -0.1599
vn -0.8149 -0.5471 -0.1916
vn -0.9631 -0.1863 -0.1941
vn -0.9648 0.2030 -0.1671
vn -0.8196 0.5613 -0.1146
vn -0.5496 0.8342 -0.0447
vn -0.1960 0.9801 0.0320
vn -0.1964 0.9799 0.0356
vn 0.1875 0.9768 0.1039
vn 0.1883 0.9770 0.1004
vn 0.5425 0.8247 0.1599
vn 0.8148 0.5471 0.1916
vn 0.9632 0.1862 0.1941
vn 0.9707 -0.2010 0.1318
vn 0.9707 -0.2011 0.1318
vn 0.8244 -0.5596 0.0847
vn 0.8243 -0.5597 0.0846
vn 0.5527 -0.8330 0.0246
vn 0.5525 -0.8331 0.0246
vn 0.1965 -0.9797 -0.0391
vn -0.1894 -0.9771 -0.0970
vn -0.5462 -0.8258 -0.1400
vn -0.5464 -0.8257 -0.1400
vn -0.8201 -0.5488 -0.1617
vn -0.8203 -0.5487 -0.1617
vn -0.9692 -0.1883 -0.1589
vn -0.9692 -0.1881 -0.1589
vn -0.9707 0.2009 -0.1318
vn -0.9707 0.2012 -0.1318
vn -0.8244 0.5596 -0.0847
vn -0.8243 0.5597 -0.0846
vn -0.5527 0.8330 -0.0247
vn -0.5525 0.8331 -0.0246
vn -0.1965 0.9797 0.0391
vn 0.1893 0.9771 0.0969
vn 0.5462 0.8259 0.1400
vn 0.5464 0.8257 0.1400
vn 0.8202 0.5488 0.1617
vn 0.8203 0.5487 0.1617
vn 0.9692 0.1883 0.1589
vn 0.9692 0.1881 0.1588
vn 0.9706 -0.2013 0.1318
vn 0.8242 -0.5599 0.0846
vn 0.5524 -0.8332 0.0246
vn 0.1966 -0.9796 -0.0420
vn -0.1901 -0.9772 -0.0942
vn -0.5466 -0.8256 -0.1400
vn -0.8204 -0.5485 -0.1617
vn -0.9693 -0.1879 -0.1588
vn -0.9706 0.2014 -0.1318
vn -0.8242 0.5599 -0.0846
vn -0.5523 0.8333 -0.0246
vn -0.1965 0.9796 0.0420
vn 0.1900 0.9773 0.0942
vn 0.5466 0.8256 0.1400
vn 0.8204 0.5485 0.1617
vn 0.9693 0.1879 0.1588
vn 0.9744 -0.1996 0.1032
vn 0.9738 -0.2001 0.1079
vn 0.8273 -0.5585 0.0604
vn 0.8268 -0.5588 0.0644
vn 0.5542 -0.8323 0.0084
vn 0.5538 -0.8326 0.0110
vn 0.1966 -0.9795 -0.0440
vn -0.1906 -0.9773 -0.0923
vn -0.5490 -0.8266 -0.1239
vn -0.5488 -0.8263 -0.1266
vn -0.8238 -0.5499 -0.1375
vn -0.8234 -0.5495 -0.1416
vn -0.9732 -0.1896 -0.1303
vn -0.9726 -0.1892 -0.1350
vn -0.9744 0.1997 -0.1032
vn -0.9738 0.2002 -0.1079
vn -0.8273 0.5584 -0.0604
vn -0.8268 0.5588 -0.0644
vn -0.5543 0.8323 -0.0084
vn -0.5539 0.8325 -0.0111
vn -0.1965 0.9795 0.0440
vn 0.1906 0.9773 0.0923
vn 0.5490 0.8266 0.1239
vn 0.5488 0.8263 0.1266
vn 0.8238 0.5500 0.1375
vn 0.8234 0.5496 0.1416
vn 0.9732 0.1896 0.1303
vn 0.9726 0.1891 0.1351
vn 0.9726 0.1891 0.1350
vn 0.9732 -0.2005 0.1127
vn 0.8262 -0.5592 0.0684
vn 0.5534 -0.8328 0.0137
vn 0.1965 -0.9794 -0.0459
vn -0.1911 -0.9774 -0.0904
vn -0.5486 -0.8261 -0.1293
vn -0.8229 -0.5492 -0.1456
vn -0.9720 -0.1888 -0.1398
vn -0.9732 0.2003 -0.1126
vn -0.8262 0.5592 -0.0684
vn -0.5534 0.8328 -0.0137
vn -0.1965 0.9794 0.0459
vn 0.1911 0.9774 0.0904
vn 0.5485 0.8261 0.1293
vn 0.8229 0.5492 0.1456
vn 0.9720 0.1887 0.1398
vn 0.9764 -0.1988 0.0839
vn 0.9764 -0.1990 0.0839
vn 0.8288 -0.5578 0.0440
vn 0.8287 -0.5580 0.0440
vn 0.5551 -0.8318 -0.0026
vn 0.5549 -0.8319 -0.0026
vn 0.1965 -0.9793 -0.0488
vn -0.1917 -0.9775 -0.0876
vn -0.5507 -0.8270 -0.1130
vn -0.5508 -0.8270 -0.1130
vn -0.8259 -0.5506 -0.1212
vn -0.8260 -0.5505 -0.1213
vn -0.9754 -0.1904 -0.1110
vn -0.9754 -0.1902 -0.1110
vn -0.9764 0.1989 -0.0839
vn -0.9764 0.1990 -0.0839
vn -0.8289 0.5577 -0.0440
vn -0.8287 0.5580 -0.0440
vn -0.5551 0.8318 0.0026
vn -0.5549 0.8319 0.0026
vn -0.1966 0.9793 0.0488
vn 0.1917 0.9775 0.0876
vn 0.5507 0.8270 0.1130
vn 0.5508 0.8269 0.1130
vn 0.8259 0.5507 0.1213
vn 0.8260 0.5505 0.1213
vn 0.9754 0.1904 0.1110
vn 0.9754 0.1902 0.1110
vn 0.9764 -0.1992 0.0839
vn 0.8286 -0.5581 0.0440
vn 0.5548 -0.8320 -0.0026
vn 0.1990 -0.9787 -0.0509
vn 0.1990 -0.9787 -0.0510
vn -0.1923 -0.9777 -0.0847
vn -0.5509 -0.8269 -0.1130
vn -0.8261 -0.5503 -0.1213
vn -0.9755 -0.1900 -0.1110
vn -0.9764 0.1991 -0.0839
vn -0.8285 0.5582 -0.0440
vn -0.5548 0.8320 0.0026
vn -0.1964 0.9792 0.0517
vn 0.1923 0.9777 0.0847
vn 0.5510 0.8268 0.1130
vn 0.8261 0.5503 0.1212
vn 0.9755 0.1900 0.1110
vn 0.9788 -0.1976 0.0548
vn 0.9790 -0.1974 0.0499
vn 0.8305 -0.5567 0.0193
vn 0.8307 -0.5565 0.0152
vn 0.5557 -0.8311 -0.0191
vn 0.5558 -0.8311 -0.0219
vn 0.1963 -0.9790 -0.0556
vn -0.1930 -0.9779 -0.0809
vn -0.5526 -0.8278 -0.0966
vn -0.5530 -0.8279 -0.0939
vn -0.8284 -0.5517 -0.0966
vn -0.8288 -0.5519 -0.0925
vn -0.9781 -0.1916 -0.0820
vn -0.9784 -0.1918 -0.0771
vn -0.9788 0.1975 -0.0548
vn -0.9791 0.1974 -0.0499
vn -0.8304 0.5568 -0.0193
vn -0.8307 0.5566 -0.0152
vn -0.5558 0.8311 0.0191
vn -0.5558 0.8310 0.0219
vn -0.1962 0.9790 0.0556
vn 0.1930 0.9779 0.0809
vn 0.5528 0.8277 0.0966
vn 0.5530 0.8279 0.0938
vn 0.8284 0.5517 0.0966
vn 0.8288 0.5519 0.0925
vn 0.9780 0.1917 0.0820
vn 0.9784 0.1919 0.0771
vn 0.9793 -0.1973 0.0451
vn 0.8309 -0.5564 0.0111
vn 0.5557 -0.8310 -0.0247
vn 0.1962 -0.9789 -0.0566
vn -0.1932 -0.9779 -0.0799
vn -0.5533 -0.8280 -0.0911
vn -0.8292 -0.5520 -0.0884
vn -0.9787 -0.1920 -0.0722
vn -0.9793 0.1972 -0.0451
vn -0.8308 0.5564 -0.0110
vn -0.5558 0.8309 0.0247
vn -0.1961 0.9789 0.0566
vn 0.1933 0.9779 0.0799
vn 0.5533 0.8280 0.0911
vn 0.8291 0.5520 0.0884
vn 0.9787 0.1920 0.0722
vn 0.9796 -0.1971 0.0402
vn 0.8310 -0.5562 0.0069
vn 0.5558 -0.8309 -0.0274
vn 0.1961 -0.9789 -0.0576
vn -0.1935 -0.9779 -0.0790
vn -0.5536 -0.8281 -0.0883
vn -0.8295 -0.5521 -0.0843
vn -0.9791 -0.1921 -0.0673
vn -0.9796 0.1970 -0.0402
vn -0.8309 0.5564 -0.0069
vn -0.5559 0.8308 0.0274
vn -0.1960 0.9789 0.0576
vn 0.1935 0.9779 0.0790
vn 0.5536 0.8281 0.0883
vn 0.8295 0.5522 0.0843
vn 0.9791 0.1921 0.0674
vn 0.9791 0.1921 0.0673
vn 0.9798 -0.1969 0.0353
vn 0.8313 -0.5558 -0.0037
vn 0.5560 -0.8305 -0.0345
vn 0.1960 -0.9788 -0.0601
vn -0.1939 -0.9780 -0.0765
vn -0.5541 -0.8284 -0.0813
vn -0.8301 -0.5527 -0.0737
vn -0.9793 -0.1924 -0.0625
vn -0.9798 0.1968 -0.0353
vn -0.8313 0.5558 0.0037
vn -0.5560 0.8305 0.0345
vn -0.1960 0.9788 0.0601
vn 0.1953 0.9778 0.0761
vn 0.5542 0.8284 0.0813
vn 0.8301 0.5527 0.0737
vn 0.9793 0.1924 0.0625
vn 0.9804 -0.1960 0.0201
vn 0.8315 -0.5555 -0.0101
vn 0.5561 -0.8302 -0.0388
vn 0.1959 -0.9787 -0.0616
vn -0.1941 -0.9781 -0.0750
vn -0.5544 -0.8287 -0.0770
vn -0.8304 -0.5531 -0.0673
vn -0.9800 -0.1932 -0.0473
vn -0.9804 0.1960 -0.0201
vn -0.8315 0.5554 0.0101
vn -0.5560 0.8302 0.0388
vn -0.1959 0.9787 0.0616
vn 0.1940 0.9781 0.0750
vn 0.5544 0.8287 0.0770
vn 0.8305 0.5530 0.0673
vn 0.9800 0.1932 0.0473
vn -0.0696 -0.2393 0.9684
vn -0.0543 -0.5920 0.8041
vn -0.0307 -0.8556 0.5167
vn -0.0025 -0.9885 0.1512
vn 0.0261 -0.9710 -0.2376
vn 0.0508 -0.8057 -0.5901
vn 0.0677 -0.5177 -0.8529
vn 0.0743 -0.1505 -0.9858
vn 0.0696 0.2393 -0.9684
vn 0.0543 0.5920 -0.8041
vn 0.0307 0.8557 -0.5166
vn 0.0025 0.9885 -0.1509
vn -0.0261 0.9710 0.2377
vn -0.0508 0.8056 0.5902
vn -0.0677 0.5174 0.8531
vn -0.0743 0.1505 0.9858
s 1
usemtl SEWER_EXISTING_150_APPROX
f 1066//211 1067//211 1068//211 1069//211
f 1067//212 1070//212 1071//212 1068//212
f 1070//213 1072//213 1073//213 1071//213
f 1072//214 1074//214 1075//214 1073//214
f 1074//215 1076//215 1077//215 1075//215
f 1076//216 1078//216 1079//216 1077//216
f 1078//217 1080//217 1081//217 1079//217
f 1080//218 1082//218 1083//218 1081//218
f 1082//219 1084//219 1085//219 1083//219
f 1084//220 1086//220 1087//220 1085//220
f 1086//221 1088//221 1089//221 1087//221
f 1088//222 1090//222 1091//222 1089//222
f 1090//223 1092//223 1093//223 1091//223
f 1092//224 1094//224 1095//224 1093//224
f 1094//225 1096//225 1097//225 1095//225
f 1096//226 1066//226 1069//226 1097//226
f 1069//227 1068//227 1098//227 1099//227
f 1068//228 1071//228 1100//228 1098//228
f 1071//229 1073//229 1101//230 1100//230
f 1073//231 1075//231 1102//232 1101//232
f 1075//233 1077//233 1103//234 1102//234
f 1077//235 1079//235 1104//236 1103//236
f 1079//237 1081//237 1105//237 1104//237
f 1081//238 1083//238 1106//238 1105//238
f 1083//239 1085//239 1107//239 1106//239
f 1085//240 1087//240 1108//240 1107//240
f 1087//241 1089//241 1109//242 1108//242
f 1089//243 1091//243 1110//244 1109//244
f 1091//245 1093//245 1111//246 1110//246
f 1093//247 1095//247 1112//248 1111//248
f 1095//249 1097//249 1113//249 1112//249
f 1097//250 1069//250 1099//250 1113//250
f 1099//251 1098//251 1114//252 1115//252
f 1098//253 1100//253 1116//254 1114//254
f 1100//230 1101//230 1117//255 1116//255
f 1101//232 1102//232 1118//256 1117//256
f 1102//234 1103//234 1119//257 1118//257
f 1103//236 1104//236 1120//258 1119//258
f 1104//259 1105//259 1121//260 1120//260
f 1105//261 1106//261 1122//262 1121//262
f 1106//263 1107//263 1123//264 1122//264
f 1107//265 1108//265 1124//266 1123//266
f 1108//242 1109//242 1125//267 1124//267
f 1109//244 1110//244 1126//268 1125//268
f 1110//246 1111//246 1127//269 1126//269
f 1111//248 1112//248 1128//270 1127//270
f 1112//271 1113//271 1129//272 1128//272
f 1113//273 1099//273 1115//274 1129//275
f 1115//252 1114//252 1130//276 1131//276
f 1114//254 1116//254 1132//277 1130//277
f 1116//255 1117//255 1133//278 1132//278
f 1117//256 1118//256 1134//279 1133//279
f 1118//257 1119//257 1135//280 1134//280
f 1119//258 1120//258 1136//281 1135//281
f 1120//260 1121//260 1137//282 1136//282
f 1121//262 1122//262 1138//283 1137//283
f 1122//264 1123//264 1139//284 1138//284
f 1123//266 1124//266 1140//285 1139//285
f 1124//267 1125//267 1141//286 1140//286
f 1125//268 1126//268 1142//287 1141//287
f 1126//269 1127//269 1143//288 1142//288
f 1127//270 1128//270 1144//289 1143//289
f 1128//272 1129//272 1145//290 1144//290
f 1129//275 1115//274 1131//291 1145//291
f 1131//292 1130//292 1146//293 1147//293
f 1130//294 1132//294 1148//295 1146//295
f 1132//278 1133//278 1149//296 1148//296
f 1133//279 1134//279 1150//297 1149//297
f 1134//280 1135//280 1151//298 1150//298
f 1135//281 1136//281 1152//299 1151//299
f 1136//300 1137//300 1153//301 1152//301
f 1137//302 1138//302 1154//303 1153//303
f 1138//304 1139//304 1155//305 1154//305
f 1139//306 1140//306 1156//307 1155//307
f 1140//286 1141//286 1157//308 1156//308
f 1141//287 1142//287 1158//309 1157//309
f 1142//288 1143//288 1159//310 1158//310
f 1143//289 1144//289 1160//311 1159//311
f 1144//312 1145//312 1161//313 1160//313
f 1145//314 1131//314 1147//315 1161//315
f 1147//293 1146//293 1162//316 1163//316
f 1146//295 1148//295 1164//317 1162//317
f 1148//296 1149//296 1165//318 1164//318
f 1149//297 1150//297 1166//319 1165//319
f 1150//298 1151//298 1167//320 1166//320
f 1151//299 1152//299 1168//321 1167//321
f 1152//301 1153//301 1169//322 1168//322
f 1153//303 1154//303 1170//323 1169//323
f 1154//305 1155//305 1171//324 1170//324
f 1155//307 1156//307 1172//325 1171//325
f 1156//308 1157//308 1173//326 1172//326
f 1157//309 1158//309 1174//327 1173//327
f 1158//310 1159//310 1175//328 1174//328
f 1159//311 1160//311 1176//329 1175//329
f 1160//313 1161//313 1177//330 1176//330
f 1161//315 1147//315 1163//331 1177//331
f 1163//316 1162//316 1178//332 1179//332
f 1162//317 1164//317 1180//333 1178//333
f 1164//318 1165//318 1181//334 1180//334
f 1165//319 1166//319 1182//335 1181//335
f 1166//320 1167//320 1183//336 1182//336
f 1167//321 1168//321 1184//337 1183//337
f 1168//322 1169//322 1185//338 1184//338
f 1169//323 1170//323 1186//339 1185//339
f 1170//324 1171//324 1187//340 1186//340
f 1171//325 1172//325 1188//341 1187//341
f 1172//326 1173//326 1189//342 1188//342
f 1173//327 1174//327 1190//343 1189//343
f 1174//328 1175//328 1191//344 1190//344
f 1175//329 1176//329 1192//345 1191//345
f 1176//330 1177//330 1193//346 1192//346
f 1177//331 1163//331 1179//347 1193//347
f 1179//332 1178//332 1194//348 1195//348
f 1178//333 1180//333 1196//349 1194//349
f 1180//334 1181//334 1197//350 1196//350
f 1181//335 1182//335 1198//351 1197//351
f 1182//336 1183//336 1199//352 1198//352
f 1183//337 1184//337 1200//353 1199//353
f 1184//338 1185//338 1201//354 1200//354
f 1185//339 1186//339 1202//355 1201//355
f 1186//340 1187//340 1203//356 1202//356
f 1187//341 1188//341 1204//357 1203//357
f 1188//342 1189//342 1205//358 1204//358
f 1189//343 1190//343 1206//359 1205//359
f 1190//344 1191//344 1207//360 1206//360
f 1191//345 1192//345 1208//361 1207//361
f 1192//346 1193//346 1209//362 1208//362
f 1193//347 1179//347 1195//363 1209//363
f 1195//348 1194//348 1210//364 1211//364
f 1194//349 1196//349 1212//365 1210//365
f 1196//350 1197//350 1213//366 1212//366
f 1197//351 1198//351 1214//367 1213//367
f 1198//352 1199//352 1215//368 1214//368
f 1199//353 1200//353 1216//369 1215//369
f 1200//354 1201//354 1217//370 1216//370
f 1201//355 1202//355 1218//371 1217//371
f 1202//356 1203//356 1219//372 1218//372
f 1203//357 1204//357 1220//373 1219//373
f 1204//358 1205//358 1221//374 1220//374
f 1205//359 1206//359 1222//375 1221//375
f 1206//360 1207//360 1223//376 1222//376
f 1207//361 1208//361 1224//377 1223//377
f 1208//362 1209//362 1225//378 1224//378
f 1209//363 1195//363 1211//379 1225//379
f 1211//364 1210//364 1226//380 1227//380
f 1210//365 1212//365 1228//381 1226//381
f 1212//366 1213//366 1229//382 1228//382
f 1213//367 1214//367 1230//383 1229//383
f 1214//368 1215//368 1231//384 1230//384
f 1215//369 1216//369 1232//385 1231//385
f 1216//370 1217//370 1233//386 1232//386
f 1217//371 1218//371 1234//387 1233//387
f 1218//372 1219//372 1235//388 1234//388
f 1219//373 1220//373 1236//389 1235//389
f 1220//374 1221//374 1237//390 1236//390
f 1221//375 1222//375 1238//391 1237//391
f 1222//376 1223//376 1239//392 1238//392
f 1223//377 1224//377 1240//393 1239//393
f 1224//378 1225//378 1241//394 1240//394
f 1225//379 1211//379 1227//395 1241//395
f 1227//396 1226//396 1242//396 1243//396
f 1226//397 1228//397 1244//397 1242//397
f 1228//382 1229//382 1245//398 1244//398
f 1229//383 1230//383 1246//399 1245//399
f 1230//384 1231//384 1247//400 1246//400
f 1231//385 1232//385 1248//401 1247//401
f 1232//402 1233//402 1249//402 1248//402
f 1233//403 1234//403 1250//403 1249//403
f 1234//404 1235//404 1251//404 1250//404
f 1235//405 1236//405 1252//405 1251//405
f 1236//390 1237//390 1253//406 1252//406
f 1237//391 1238//391 1254//407 1253//407
f 1238//392 1239//392 1255//408 1254//408
f 1239//393 1240//393 1256//409 1255//409
f 1240//410 1241//410 1257//410 1256//410
f 1241//411 1227//411 1243//411 1257//411
f 1243//412 1242//412 1258//412 1259//412
f 1242//413 1244//413 1260//413 1258//413
f 1244//398 1245//398 1261//414 1260//414
f 1245//399 1246//399 1262//415 1261//415
f 1246//400 1247//400 1263//416 1262//416
f 1247//401 1248//401 1264//417 1263//417
f 1248//418 1249//418 1265//418 1264//418
f 1249//419 1250//419 1266//419 1265//419
f 1250//420 1251//420 1267//420 1266//420
f 1251//421 1252//421 1268//421 1267//421
f 1252//406 1253//406 1269//422 1268//422
f 1253//407 1254//407 1270//423 1269//423
f 1254//408 1255//408 1271//424 1270//424
f 1255//409 1256//409 1272//425 1271//425
f 1256//426 1257//426 1273//426 1272//426
f 1257//427 1243//427 1259//427 1273//427
f 1259//428 1258//428 1274//428 1275//428
f 1258//429 1260//429 1276//429 1274//429
f 1260//430 1261//430 1277//430 1276//430
f 1261//415 1262//415 1278//431 1277//431
f 1262//416 1263//416 1279//432 1278//432
f 1263//433 1264//433 1280//433 1279//433
f 1264//434 1265//434 1281//434 1280//434
f 1265//435 1266//435 1282//435 1281//435
f 1266//436 1267//436 1283//436 1282//436
f 1267//437 1268//437 1284//437 1283//437
f 1268//438 1269//438 1285//438 1284//438
f 1269//423 1270//423 1286//439 1285//439
f 1270//424 1271//424 1287//440 1286//440
f 1271//441 1272//441 1288//441 1287//441
f 1272//442 1273//442 1289//442 1288//442
f 1273//443 1259//443 1275//443 1289//443
f 1275//444 1274//444 1290//445 1291//445
f 1274//446 1276//446 1292//447 1290//447
f 1276//448 1277//448 1293//449 1292//449
f 1277//431 1278//431 1294//450 1293//450
f 1278//432 1279//432 1295//451 1294//451
f 1279//452 1280//452 1296//453 1295//453
f 1280//454 1281//454 1297//455 1296//455
f 1281//456 1282//456 1298//457 1297//457
f 1282//458 1283//458 1299//459 1298//459
f 1283//460 1284//460 1300//461 1299//461
f 1284//462 1285//462 1301//463 1300//463
f 1285//439 1286//439 1302//464 1301//464
f 1286//440 1287//440 1303//465 1302//465
f 1287//466 1288//466 1304//467 1303//467
f 1288//468 1289//468 1305//469 1304//469
f 1289//470 1275//470 1291//471 1305//471
f 1291//445 1290//445 1306//472 1307//472
f 1290//447 1292//447 1308//473 1306//473
f 1292//449 1293//449 1309//474 1308//474
f 1293//450 1294//450 1310//475 1309//475
f 1294//451 1295//451 1311//476 1310//476
f 1295//453 1296//453 1312//477 1311//477
f 1296//455 1297//455 1313//478 1312//478
f 1297//457 1298//457 1314//479 1313//479
f 1298//459 1299//459 1315//480 1314//480
f 1299//461 1300//461 1316//481 1315//481
f 1300//463 1301//463 1317//482 1316//482
f 1301//464 1302//464 1318//483 1317//483
f 1302//465 1303//465 1319//484 1318//484
f 1303//467 1304//467 1320//485 1319//485
f 1304//469 1305//469 1321//486 1320//486
f 1305//471 1291//471 1307//487 1321//487
f 1307//488 1306//488 1322//488 1323//488
f 1306//489 1308//489 1324//489 1322//489
f 1308//490 1309//490 1325//490 1324//490
f 1309//475 1310//475 1326//491 1325//491
f 1310//476 1311//476 1327//492 1326//493
f 1311//494 1312//494 1328//494 1327//494
f 1312//495 1313//495 1329//495 1328//495
f 1313//496 1314//496 1330//496 1329//496
f 1314//497 1315//497 1331//497 1330//497
f 1315//498 1316//498 1332//498 1331//498
f 1316//499 1317//499 1333//499 1332//499
f 1317//483 1318//483 1334//500 1333//500
f 1318//484 1319//484 1335//501 1334//501
f 1319//502 1320//502 1336//502 1335//502
f 1320//503 1321//503 1337//503 1336//503
f 1321//504 1307//504 1323//504 1337//504
f 1323//505 1322//505 1338//505 1339//505
f 1322//506 1324//506 1340//506 1338//506
f 1324//507 1325//507 1341//507 1340//507
f 1325//491 1326//491 1342//508 1341//508
f 1326//493 1327//492 1343//509 1342//509
f 1327//510 1328//510 1344//510 1343//510
f 1328//511 1329//511 1345//511 1344//511
f 1329//512 1330//512 1346//512 1345//512
f 1330//513 1331//513 1347//513 1346//513
f 1331//514 1332//514 1348//514 1347//514
f 1332//515 1333//515 1349//515 1348//515
f 1333//500 1334//500 1350//516 1349//516
f 1334//501 1335//501 1351//517 1350//517
f 1335//518 1336//518 1352//518 1351//518
f 1336//519 1337//519 1353//519 1352//519
f 1337//520 1323//520 1339//520 1353//520
f 1339//521 1338//521 1354//521 1355//521
f 1338//522 1340//522 1356//522 1354//522
f 1340//523 1341//523 1357//523 1356//523
f 1341//524 1342//524 1358//524 1357//524
f 1342//525 1343//525 1359//525 1358//525
f 1343//526 1344//526 1360//526 1359//526
f 1344//527 1345//527 1361//527 1360//527
f 1345//528 1346//528 1362//528 1361//528
f 1346//529 1347//529 1363//529 1362//529
f 1347//530 1348//530 1364//530 1363//530
f 1348//531 1349//531 1365//531 1364//531
f 1349//532 1350//532 1366//532 1365//532
f 1350//533 1351//533 1367//533 1366//533
f 1351//534 1352//534 1368//534 1367//534
f 1352//535 1353//535 1369//535 1368//535
f 1353//536 1339//536 1355//536 1369//536
f 1355//537 1354//537 1370//537 1371//537
f 1354//538 1356//538 1372//538 1370//538
f 1356//539 1357//539 1373//540 1372//540
f 1357//541 1358//541 1374//542 1373//542
f 1358//543 1359//543 1375//544 1374//544
f 1359//545 1360//545 1376//546 1375//546
f 1360//547 1361//547 1377//547 1376//547
f 1361//548 1362//548 1378//548 1377//548
f 1362//549 1363//549 1379//549 1378//549
f 1363//550 1364//550 1380//550 1379//550
f 1364//551 1365//551 1381//552 1380//552
f 1365//553 1366//553 1382//554 1381//554
f 1366//555 1367//555 1383//556 1382//556
f 1367//557 1368//557 1384//558 1383//558
f 1368//559 1369//559 1385//559 1384//559
f 1369//560 1355//560 1371//560 1385//560
f 1371//561 1370//561 1386//562 1387//562
f 1370//563 1372//563 1388//564 1386//564
f 1372//540 1373//540 1389//565 1388//565
f 1373//542 1374//542 1390//566 1389//566
f 1374//544 1375//544 1391//567 1390//567
f 1375//546 1376//546 1392//568 1391//568
f 1376//569 1377//569 1393//570 1392//570
f 1377//571 1378//571 1394//572 1393//572
f 1378//573 1379//573 1395//574 1394//574
f 1379//575 1380//575 1396//576 1395//576
f 1380//552 1381//552 1397//577 1396//577
f 1381//554 1382//554 1398//578 1397//578
f 1382//556 1383//556 1399//579 1398//579
f 1383//558 1384//558 1400//580 1399//580
f 1384//581 1385//581 1401//582 1400//582
f 1385//583 1371//583 1387//584 1401//584
f 1387//562 1386//562 1402//585 1403//585
f 1386//564 1388//564 1404//586 1402//586
f 1388//565 1389//565 1405//587 1404//587
f 1389//566 1390//566 1406//588 1405//588
f 1390//567 1391//567 1407//589 1406//589
f 1391//568 1392//568 1408//590 1407//590
f 1392//570 1393//570 1409//591 1408//591
f 1393//572 1394//572 1410//592 1409//592
f 1394//574 1395//574 1411//593 1410//593
f 1395//576 1396//576 1412//594 1411//594
f 1396//577 1397//577 1413//595 1412//595
f 1397//578 1398//578 1414//596 1413//596
f 1398//579 1399//579 1415//597 1414//597
f 1399//580 1400//580 1416//598 1415//598
f 1400//582 1401//582 1417//599 1416//600
f 1401//584 1387//584 1403//601 1417//601
f 1403//585 1402//585 1418//602 1419//602
f 1402//586 1404//586 1420//603 1418//603
f 1404//587 1405//587 1421//604 1420//604
f 1405//588 1406//588 1422//605 1421//605
f 1406//589 1407//589 1423//606 1422//606
f 1407//590 1408//590 1424//607 1423//607
f 1408//591 1409//591 1425//608 1424//608
f 1409//592 1410//592 1426//609 1425//609
f 1410//593 1411//593 1427//610 1426//610
f 1411//594 1412//594 1428//611 1427//611
f 1412//595 1413//595 1429//612 1428//612
f 1413//596 1414//596 1430//613 1429//613
f 1414//597 1415//597 1431//614 1430//614
f 1415//598 1416//598 1432//615 1431//615
f 1416//600 1417//599 1433//616 1432//616
f 1417//601 1403//601 1419//617 1433//617
f 1419//618 1418//618 1434//618 1435//618
f 1418//619 1420//619 1436//619 1434//619
f 1420//604 1421//604 1437//620 1436//620
f 1421//605 1422//605 1438//621 1437//621
f 1422//606 1423//606 1439//622 1438//622
f 1423//607 1424//607 1440//623 1439//623
f 1424//624 1425//624 1441//624 1440//624
f 1425//625 1426//625 1442//625 1441//625
f 1426//626 1427//626 1443//626 1442//626
f 1427//627 1428//627 1444//627 1443//627
f 1428//612 1429//612 1445//628 1444//628
f 1429//613 1430//613 1446//629 1445//629
f 1430//614 1431//614 1447//630 1446//630
f 1431//615 1432//615 1448//631 1447//631
f 1432//632 1433//632 1449//632 1448//632
f 1433//633 1419//633 1435//633 1449//633
f 1435//634 1434//634 1450//635 1451//635
f 1434//636 1436//636 1452//586 1450//586
f 1436//637 1437//637 1453//638 1452//638
f 1437//621 1438//621 1454//639 1453//639
f 1438//622 1439//622 1455//640 1454//640
f 1439//641 1440//641 1456//642 1455//642
f 1440//643 1441//643 1457//644 1456//644
f 1441//645 1442//645 1458//646 1457//646
f 1442//647 1443//647 1459//593 1458//593
f 1443//648 1444//648 1460//594 1459//594
f 1444//649 1445//649 1461//650 1460//650
f 1445//629 1446//629 1462//651 1461//651
f 1446//630 1447//630 1463//597 1462//597
f 1447//652 1448//652 1464//653 1463//653
f 1448//654 1449//654 1465//655 1464//655
f 1449//656 1435//656 1451//657 1465//657
f 1451//635 1450//635 1466//658 1467//658
f 1450//586 1452//586 1468//659 1466//659
f 1452//638 1453//638 1469//660 1468//660
f 1453//639 1454//639 1470//661 1469//661
f 1454//640 1455//640 1471//662 1470//662
f 1455//642 1456//642 1472//663 1471//663
f 1456//644 1457//644 1473//664 1472//664
f 1457//646 1458//646 1474//665 1473//665
f 1458//593 1459//593 1475//666 1474//666
f 1459//594 1460//594 1476//667 1475//667
f 1460//650 1461//650 1477//668 1476//668
f 1461//651 1462//651 1478//669 1477//669
f 1462//597 1463//597 1479//670 1478//670
f 1463//653 1464//653 1480//671 1479//671
f 1464//655 1465//655 1481//672 1480//672
f 1465//657 1451//657 1467//673 1481//673
f 1467//658 1466//658 1482//674 1483//674
f 1466//659 1468//659 1484//675 1482//675
f 1468//660 1469//660 1485//676 1484//676
f 1469//661 1470//661 1486//677 1485//677
f 1470//662 1471//662 1487//678 1486//678
f 1471//663 1472//663 1488//679 1487//679
f 1472//664 1473//664 1489//680 1488//680
f 1473//665 1474//665 1490//681 1489//681
f 1474//666 1475//666 1491//682 1490//682
f 1475//667 1476//667 1492//683 1491//683
f 1476//668 1477//668 1493//684 1492//684
f 1477//669 1478//669 1494//685 1493//685
f 1478//670 1479//670 1495//686 1494//686
f 1479//671 1480//671 1496//687 1495//687
f 1480//672 1481//672 1497//688 1496//688
f 1481//673 1467//673 1483//689 1497//689
f 1483//690 1482//690 1498//690 1499//690
f 1482//691 1484//691 1500//691 1498//691
f 1484//692 1485//692 1501//692 1500//692
f 1485//693 1486//693 1502//693 1501//693
f 1486//694 1487//694 1503//694 1502//694
f 1487//695 1488//695 1504//695 1503//695
f 1488//696 1489//696 1505//696 1504//696
f 1489//697 1490//697 1506//697 1505//697
f 1490//698 1491//698 1507//698 1506//698
f 1491//699 1492//699 1508//699 1507//699
f 1492//700 1493//700 1509//700 1508//700
f 1493//701 1494//701 1510//701 1509//701
f 1494//702 1495//702 1511//702 1510//702
f 1495//703 1496//703 1512//703 1511//703
f 1496//704 1497//704 1513//704 1512//704
f 1497//705 1483//705 1499//705 1513//705
f 1514//706 1515//706 1516//706 1517//706
f 1515//707 1518//707 1519//707 1516//707
f 1518//708 1520//708 1521//708 1519//708
f 1520//709 1522//709 1523//709 1521//709
f 1522//710 1524//710 1525//710 1523//710
f 1524//711 1526//711 1527//711 1525//711
f 1526//712 1528//712 1529//712 1527//712
f 1528//713 1530//713 1531//713 1529//713
f 1530//714 1532//714 1533//714 1531//714
f 1532//715 1534//715 1535//715 1533//715
f 1534//716 1536//716 1537//716 1535//716
f 1536//717 1538//717 1539//717 1537//717
f 1538//718 1540//718 1541//718 1539//718
f 1540//719 1542//719 1543//719 1541//719
f 1542//720 1544//720 1545//720 1543//720
f 1544//721 1514//721 1517//721 1545//721
f 1546//722 1547//722 1548//722 1549//722
f 1547//723 1550//723 1551//723 1548//723
f 1550//724 1552//724 1553//724 1551//724
f 1552//725 1554//725 1555//726 1553//726
f 1554//727 1556//727 1557//728 1555//728
f 1556//729 1558//729 1559//729 1557//729
f 1558//730 1560//730 1561//730 1559//730
f 1560//731 1562//731 1563//731 1561//731
f 1562//732 1564//732 1565//732 1563//732
f 1564//733 1566//733 1567//733 1565//733
f 1566//734 1568//734 1569//734 1567//734
f 1568//735 1570//735 1571//736 1569//736
f 1570//737 1572//737 1573//738 1571//738
f 1572//739 1574//739 1575//739 1573//739
f 1574//740 1576//740 1577//740 1575//740
f 1576//741 1546//741 1549//741 1577//741
f 1549//742 1548//742 1578//743 1579//743
f 1548//744 1551//744 1580//745 1578//745
f 1551//746 1553//746 1581//747 1580//747
f 1553//726 1555//726 1582//748 1581//748
f 1555//728 1557//728 1583//749 1582//749
f 1557//750 1559//750 1584//751 1583//751
f 1559//752 1561//752 1585//753 1584//753
f 1561//754 1563//754 1586//755 1585//755
f 1563//756 1565//756 1587//757 1586//757
f 1565//758 1567//758 1588//759 1587//759
f 1567//760 1569//760 1589//761 1588//761
f 1569//736 1571//736 1590//762 1589//762
f 1571//738 1573//738 1591//763 1590//763
f 1573//764 1575//764 1592//765 1591//765
f 1575//766 1577//766 1593//767 1592//767
f 1577//768 1549//768 1579//769 1593//769
f 1579//743 1578//743 1594//770 1595//770
f 1578//745 1580//745 1596//771 1594//771
f 1580//747 1581//747 1597//772 1596//772
f 1581//748 1582//748 1598//773 1597//773
f 1582//749 1583//749 1599//774 1598//774
f 1583//751 1584//751 1600//775 1599//775
f 1584//753 1585//753 1601//776 1600//776
f 1585//755 1586//755 1602//777 1601//777
f 1586//757 1587//757 1603//778 1602//778
f 1587//759 1588//759 1604//779 1603//779
f 1588//761 1589//761 1605//780 1604//780
f 1589//762 1590//762 1606//781 1605//781
f 1590//763 1591//763 1607//782 1606//782
f 1591//765 1592//765 1608//783 1607//783
f 1592//767 1593//767 1609//784 1608//784
f 1593//769 1579//769 1595//785 1609//785
f 1595//786 1594//786 1610//787 1611//787
f 1594//788 1596//788 1612//789 1610//789
f 1596//790 1597//790 1613//791 1612//791
f 1597//773 1598//773 1614//792 1613//792
f 1598//774 1599//774 1615//793 1614//793
f 1599//794 1600//794 1616//795 1615//795
f 1600//796 1601//796 1617//797 1616//797
f 1601//798 1602//798 1618//799 1617//799
f 1602//800 1603//800 1619//801 1618//801
f 1603//802 1604//802 1620//803 1619//803
f 1604//804 1605//804 1621//805 1620//805
f 1605//781 1606//781 1622//806 1621//806
f 1606//782 1607//782 1623//807 1622//807
f 1607//808 1608//808 1624//809 1623//809
f 1608//810 1609//810 1625//811 1624//811
f 1609//812 1595//812 1611//813 1625//814
f 1611//787 1610//787 1626//815 1627//815
f 1610//789 1612//789 1628//816 1626//816
f 1612//791 1613//791 1629//817 1628//817
f 1613//792 1614//792 1630//818 1629//818
f 1614//793 1615//793 1631//819 1630//819
f 1615//795 1616//795 1632//820 1631//820
f 1616//797 1617//797 1633//821 1632//821
f 1617//799 1618//799 1634//822 1633//822
f 1618//801 1619//801 1635//823 1634//823
f 1619//803 1620//803 1636//824 1635//824
f 1620//805 1621//805 1637//825 1636//825
f 1621//806 1622//806 1638//826 1637//826
f 1622//807 1623//807 1639//827 1638//827
f 1623//809 1624//809 1640//828 1639//828
f 1624//811 1625//811 1641//829 1640//829
f 1625//814 1611//813 1627//830 1641//830
f 1627//831 1626//831 1642//832 1643//832
f 1626//833 1628//833 1644//834 1642//834
f 1628//835 1629//835 1645//836 1644//836
f 1629//818 1630//818 1646//837 1645//837
f 1630//819 1631//819 1647//838 1646//838
f 1631//839 1632//839 1648//840 1647//840
f 1632//841 1633//841 1649//842 1648//842
f 1633//843 1634//843 1650//844 1649//844
f 1634//845 1635//845 1651//846 1650//846
f 1635//847 1636//847 1652//848 1651//848
f 1636//849 1637//849 1653//850 1652//850
f 1637//826 1638//826 1654//851 1653//851
f 1638//827 1639//827 1655//852 1654//852
f 1639//853 1640//853 1656//854 1655//854
f 1640//855 1641//855 1657//856 1656//856
f 1641//857 1627//857 1643//858 1657//858
f 1643//832 1642//832 1658//859 1659//859
f 1642//834 1644//834 1660//860 1658//860
f 1644//836 1645//836 1661//861 1660//861
f 1645//837 1646//837 1662//862 1661//863
f 1646//838 1647//838 1663//864 1662//864
f 1647//840 1648//840 1664//865 1663//865
f 1648//842 1649//842 1665//866 1664//866
f 1649//844 1650//844 1666//867 1665//867
f 1650//846 1651//846 1667//868 1666//868
f 1651//848 1652//848 1668//869 1667//869
f 1652//850 1653//850 1669//870 1668//870
f 1653//851 1654//851 1670//871 1669//871
f 1654//852 1655//852 1671//872 1670//872
f 1655//854 1656//854 1672//873 1671//873
f 1656//856 1657//856 1673//874 1672//874
f 1657//858 1643//858 1659//875 1673//875
f 1659//876 1658//876 1674//877 1675//877
f 1658//878 1660//878 1676//879 1674//879
f 1660//880 1661//880 1677//881 1676//881
f 1661//863 1662//862 1678//882 1677//882
f 1662//864 1663//864 1679//883 1678//883
f 1663//884 1664//884 1680//885 1679//885
f 1664//886 1665//886 1681//887 1680//887
f 1665//888 1666//888 1682//889 1681//889
f 1666//890 1667//890 1683//891 1682//891
f 1667//892 1668//892 1684//893 1683//893
f 1668//894 1669//894 1685//895 1684//895
f 1669//871 1670//871 1686//896 1685//896
f 1670//872 1671//872 1687//897 1686//897
f 1671//898 1672//898 1688//899 1687//899
f 1672//900 1673//900 1689//901 1688//901
f 1673//902 1659//902 1675//903 1689//903
f 1675//877 1674//877 1690//904 1691//904
f 1674//879 1676//879 1692//905 1690//905
f 1676//881 1677//881 1693//906 1692//906
f 1677//882 1678//882 1694//907 1693//907
f 1678//883 1679//883 1695//908 1694//908
f 1679//885 1680//885 1696//909 1695//909
f 1680//887 1681//887 1697//910 1696//910
f 1681//889 1682//889 1698//911 1697//911
f 1682//891 1683//891 1699//912 1698//912
f 1683//893 1684//893 1700//913 1699//913
f 1684//895 1685//895 1701//914 1700//914
f 1685//896 1686//896 1702//915 1701//915
f 1686//897 1687//897 1703//916 1702//916
f 1687//899 1688//899 1704//917 1703//917
f 1688//901 1689//901 1705//918 1704//918
f 1689//903 1675//903 1691//919 1705//919
f 1691//904 1690//904 1706//920 1707//920
f 1690//905 1692//905 1708//921 1706//921
f 1692//906 1693//906 1709//922 1708//922
f 1693//907 1694//907 1710//923 1709//923
f 1694//908 1695//908 1711//924 1710//924
f 1695//909 1696//909 1712//925 1711//925
f 1696//910 1697//910 1713//926 1712//926
f 1697//911 1698//911 1714//927 1713//927
f 1698//912 1699//912 1715//928 1714//928
f 1699//913 1700//913 1716//929 1715//929
f 1700//914 1701//914 1717//930 1716//930
f 1701//915 1702//915 1718//931 1717//931
f 1702//916 1703//916 1719//932 1718//932
f 1703//917 1704//917 1720//933 1719//933
f 1704//918 1705//918 1721//934 1720//934
f 1705//919 1691//919 1707//935 1721//936
f 1707//920 1706//920 1722//937 1723//937
f 1706//921 1708//921 1724//938 1722//938
f 1708//922 1709//922 1725//939 1724//939
f 1709//923 1710//923 1726//940 1725//940
f 1710//924 1711//924 1727//941 1726//941
f 1711//925 1712//925 1728//942 1727//942
f 1712//926 1713//926 1729//943 1728//943
f 1713//927 1714//927 1730//944 1729//944
f 1714//928 1715//928 1731//945 1730//945
f 1715//929 1716//929 1732//946 1731//946
f 1716//930 1717//930 1733//947 1732//947
f 1717//931 1718//931 1734//948 1733//948
f 1718//932 1719//932 1735//949 1734//949
f 1719//933 1720//933 1736//950 1735//950
f 1720//934 1721//934 1737//951 1736//951
f 1721//936 1707//935 1723//952 1737//952
f 1723//953 1722//953 1738//953 1739//953
f 1722//938 1724//938 1740//954 1738//954
f 1724//939 1725//939 1741//955 1740//955
f 1725//940 1726//940 1742//956 1741//956
f 1726//941 1727//941 1743//957 1742//957
f 1727//942 1728//942 1744//958 1743//958
f 1728//943 1729//943 1745//959 1744//959
f 1729//960 1730//960 1746//960 1745//960
f 1730//961 1731//961 1747//961 1746//961
f 1731//946 1732//946 1748//962 1747//962
f 1732//947 1733//947 1749//963 1748//963
f 1733//948 1734//948 1750//964 1749//964
f 1734//949 1735//949 1751//965 1750//965
f 1735//950 1736//950 1752//966 1751//966
f 1736//951 1737//951 1753//967 1752//967
f 1737//968 1723//968 1739//968 1753//968
f 1754//969 1755//969 1756//969 1757//969
f 1755//970 1758//970 1759//970 1756//970
f 1758//971 1760//971 1761//971 1759//971
f 1760//972 1762//972 1763//972 1761//972
f 1762//973 1764//973 1765//973 1763//973
f 1764//974 1766//974 1767//974 1765//974
f 1766//975 1768//975 1769//975 1767//975
f 1768//976 1770//976 1771//976 1769//976
f 1770//977 1772//977 1773//977 1771//977
f 1772//978 1774//978 1775//978 1773//978
f 1774//979 1776//979 1777//979 1775//979
f 1776//980 1778//980 1779//980 1777//980
f 1778//981 1780//981 1781//981 1779//981
f 1780//982 1782//982 1783//982 1781//982
f 1782//983 1784//983 1785//983 1783//983
f 1784//984 1754//984 1757//984 1785//984
o SEWER_EXISTING_225
v 37.086487 -1.465694 0.256362
v 37.084679 -1.508242 0.245722
v 38.824150 -1.357611 -0.652219
v 38.825958 -1.315064 -0.641578
v 37.075249 -1.543627 0.221520
v 38.814720 -1.392996 -0.676421
v 37.059631 -1.566463 0.187438
v 38.799107 -1.415832 -0.710502
v 37.040207 -1.573272 0.148668
v 38.779682 -1.422641 -0.749273
v 37.019932 -1.563018 0.111111
v 38.759403 -1.412388 -0.786831
v 37.001892 -1.537263 0.080484
v 38.741364 -1.386632 -0.817456
v 36.988834 -1.499928 0.061451
v 38.728306 -1.349296 -0.836491
v 36.982742 -1.456695 0.056908
v 38.722218 -1.306063 -0.841033
v 36.984554 -1.414145 0.067547
v 38.724026 -1.263515 -0.830393
v 36.993980 -1.378760 0.091751
v 38.733456 -1.228130 -0.806190
v 37.009598 -1.355926 0.125831
v 38.749069 -1.205295 -0.772111
v 37.029022 -1.349115 0.164602
v 38.768494 -1.198485 -0.733340
v 37.049297 -1.359370 0.202158
v 38.788769 -1.208739 -0.695782
v 37.067337 -1.385125 0.232786
v 38.806812 -1.234494 -0.665156
v 37.080395 -1.422461 0.251819
v 38.819870 -1.271830 -0.646121
vn 0.4619 -0.2336 0.8556
vn 0.4110 -0.5867 0.6977
vn 0.2975 -0.8506 0.4336
vn 0.1387 -0.9849 0.1035
vn -0.0412 -0.9693 -0.2424
vn -0.2148 -0.8061 -0.5514
vn -0.3558 -0.5202 -0.7764
vn -0.4425 -0.1552 -0.8832
vn -0.4619 0.2336 -0.8556
vn -0.4110 0.5867 -0.6977
vn -0.2975 0.8506 -0.4336
vn -0.1387 0.9849 -0.1035
vn 0.0412 0.9693 0.2424
vn 0.2148 0.8061 0.5514
vn 0.3557 0.5202 0.7764
vn 0.4425 0.1551 0.8832
s 1
usemtl SEWER_EXISTING_225
f 1786//985 1787//985 1788//985 1789//985
f 1787//986 1790//986 1791//986 1788//986
f 1790//987 1792//987 1793//987 1791//987
f 1792//988 1794//988 1795//988 1793//988
f 1794//989 1796//989 1797//989 1795//989
f 1796//990 1798//990 1799//990 1797//990
f 1798//991 1800//991 1801//991 1799//991
f 1800//992 1802//992 1803//992 1801//992
f 1802//993 1804//993 1805//993 1803//993
f 1804//994 1806//994 1807//994 1805//994
f 1806//995 1808//995 1809//995 1807//995
f 1808//996 1810//996 1811//996 1809//996
f 1810//997 1812//997 1813//997 1811//997
f 1812//998 1814//998 1815//998 1813//998
f 1814//999 1816//999 1817//999 1815//999
f 1816//1000 1786//1000 1789//1000 1817//1000
o SEWER_PROP_150
v 46.846302 2.505533 -73.164749
v 46.843315 2.482310 -73.163231
v 20.177315 4.988987 -87.230537
v 20.180302 5.012211 -87.232063
v 46.837173 2.461066 -73.155380
v 20.171175 4.967742 -87.222679
v 46.828484 2.443884 -73.141975
v 20.162485 4.950561 -87.209274
v 46.818096 2.432444 -73.124313
v 20.152096 4.939119 -87.191612
v 46.807022 2.427867 -73.104134
v 20.141022 4.934543 -87.171432
v 46.796349 2.430598 -73.083420
v 20.130348 4.937273 -87.150719
v 46.787121 2.440374 -73.064178
v 20.121122 4.947050 -87.131485
v 46.780243 2.456237 -73.048325
v 20.114243 4.962914 -87.115623
v 46.776386 2.476631 -73.037376
v 20.110388 4.983306 -87.104675
v 46.775928 2.499562 -73.032425
v 20.109930 5.006238 -87.099731
v 46.778915 2.522786 -73.033943
v 20.112917 5.029465 -87.101257
v 46.785057 2.544029 -73.041794
v 20.119057 5.050706 -87.109093
v 46.793747 2.561213 -73.055206
v 20.127747 5.067891 -87.122513
v 46.804134 2.572652 -73.072861
v 20.138136 5.079329 -87.140175
v 46.815208 2.577229 -73.093040
v 20.149210 5.083907 -87.160347
v 46.825882 2.574498 -73.113754
v 20.159882 5.081173 -87.181061
v 46.835110 2.564722 -73.132996
v 20.169109 5.071399 -87.200294
v 46.841988 2.548860 -73.148849
v 20.175987 5.055536 -87.216156
v 46.845844 2.528466 -73.159798
v 20.179846 5.035143 -87.227112
vn 0.4548 -0.1165 -0.8829
vn 0.3931 -0.4170 -0.8195
vn 0.2932 -0.6759 -0.6762
vn 0.1643 -0.8692 -0.4664
vn 0.0195 -0.9773 -0.2111
vn -0.1273 -0.9897 0.0649
vn -0.2614 -0.9054 0.3344
vn -0.3704 -0.7322 0.5716
vn -0.4428 -0.4875 0.7525
vn -0.4719 -0.1951 0.8598
vn -0.4548 0.1165 0.8829
vn -0.3933 0.4165 0.8197
vn -0.2931 0.6760 0.6761
vn -0.1643 0.8692 0.4664
vn -0.0195 0.9773 0.2111
vn 0.1273 0.9897 -0.0649
vn 0.2616 0.9054 -0.3345
vn 0.3704 0.7321 -0.5717
vn 0.4428 0.4878 -0.7524
vn 0.4719 0.1951 -0.8598
s 1
usemtl SEWER_PROP_150
f 1818//1001 1819//1001 1820//1001 1821//1001
f 1819//1002 1822//1002 1823//1002 1820//1002
f 1822//1003 1824//1003 1825//1003 1823//1003
f 1824//1004 1826//1004 1827//1004 1825//1004
f 1826//1005 1828//1005 1829//1005 1827//1005
f 1828//1006 1830//1006 1831//1006 1829//1006
f 1830//1007 1832//1007 1833//1007 1831//1007
f 1832//1008 1834//1008 1835//1008 1833//1008
f 1834//1009 1836//1009 1837//1009 1835//1009
f 1836//1010 1838//1010 1839//1010 1837//1010
f 1838//1011 1840//1011 1841//1011 1839//1011
f 1840//1012 1842//1012 1843//1012 1841//1012
f 1842//1013 1844//1013 1845//1013 1843//1013
f 1844//1014 1846//1014 1847//1014 1845//1014
f 1846//1015 1848//1015 1849//1015 1847//1015
f 1848//1016 1850//1016 1851//1016 1849//1016
f 1850//1017 1852//1017 1853//1017 1851//1017
f 1852//1018 1854//1018 1855//1018 1853//1018
f 1854//1019 1856//1019 1857//1019 1855//1019
f 1856//1020 1818//1020 1821//1020 1857//1020
o SEWER_PROP_225
v 38.885902 -1.281154 -0.727564
v 38.880455 -1.315843 -0.729980
v 46.917484 2.464804 -73.088730
v 46.922932 2.499492 -73.086319
v 38.864597 -1.347082 -0.733374
v 46.901627 2.433563 -73.092125
v 38.839882 -1.371813 -0.737412
v 46.876907 2.408831 -73.096161
v 38.808723 -1.387615 -0.741699
v 46.845753 2.393029 -73.100449
v 38.774174 -1.392941 -0.745814
v 46.811203 2.387704 -73.104561
v 38.739620 -1.387270 -0.749356
v 46.776646 2.393373 -73.108101
v 38.708435 -1.371156 -0.751977
v 46.745464 2.409488 -73.110718
v 38.683681 -1.346178 -0.753422
v 46.720707 2.434466 -73.112167
v 38.667774 -1.314779 -0.753548
v 46.704800 2.465867 -73.112297
v 38.662273 -1.280035 -0.752344
v 46.699303 2.500609 -73.111092
v 38.667721 -1.245345 -0.749927
v 46.704746 2.535301 -73.108688
v 38.683578 -1.214106 -0.746533
v 46.720604 2.566536 -73.105278
v 38.708294 -1.189375 -0.742496
v 46.745323 2.591269 -73.101234
v 38.739452 -1.173573 -0.738208
v 46.776482 2.607073 -73.096954
v 38.773998 -1.168247 -0.734093
v 46.811028 2.612398 -73.092842
v 38.808556 -1.173919 -0.730552
v 46.845585 2.606727 -73.089302
v 38.839741 -1.190032 -0.727930
v 46.876766 2.590612 -73.086685
v 38.864494 -1.215011 -0.726485
v 46.901524 2.565633 -73.085228
v 38.880402 -1.246408 -0.726359
v 46.917431 2.534238 -73.085106
v 46.911888 2.971827 -73.127480
v 46.906734 2.937010 -73.127037
v 31.001736 4.891159 -105.119476
v 31.006887 4.925974 -105.119911
v 46.892223 2.905381 -73.121742
v 30.987223 4.859529 -105.114189
v 46.869770 2.880036 -73.112144
v 30.964771 4.834185 -105.104568
v 46.841579 2.863457 -73.099144
v 30.936579 4.817602 -105.091568
v 46.810402 2.857263 -73.084023
v 30.905403 4.811411 -105.076454
v 46.779297 2.862063 -73.068260
v 30.874296 4.816208 -105.060684
v 46.751308 2.877386 -73.053413
v 30.846308 4.831535 -105.045837
v 46.729172 2.901733 -73.040909
v 30.824169 4.855881 -105.033348
v 46.715054 2.932722 -73.032005
v 30.810055 4.886869 -105.024437
v 46.710342 2.967317 -73.027542
v 30.805344 4.921467 -105.019989
v 46.715496 3.002135 -73.027985
v 30.810495 4.956280 -105.020416
v 46.730007 3.033763 -73.033272
v 30.825008 4.987909 -105.025703
v 46.752460 3.059107 -73.042885
v 30.847460 5.013254 -105.035316
v 46.780655 3.075689 -73.055893
v 30.875652 5.029835 -105.048309
v 46.811829 3.081883 -73.071007
v 30.906830 5.036028 -105.063438
v 46.842934 3.077083 -73.086769
v 30.937935 5.031227 -105.079193
v 46.870926 3.061756 -73.101616
v 30.965925 5.015905 -105.094055
v 46.893063 3.037412 -73.114113
v 30.988062 4.991558 -105.106544
v 46.907177 3.006421 -73.123024
v 31.002176 4.960569 -105.115448
v 31.006882 4.945955 -105.119019
v 31.000736 4.911331 -105.120575
v 5.791236 11.660809 -155.646515
v 5.797381 11.695433 -155.644974
v 30.985329 4.879879 -105.117088
v 5.775828 11.629356 -155.643036
v 30.962166 4.854673 -105.108902
v 5.752666 11.604149 -155.634842
v 30.933517 4.838179 -105.096802
v 5.724018 11.587658 -155.622757
v 30.902187 4.832016 -105.082001
v 5.692688 11.581497 -155.607941
v 30.871243 4.836784 -105.065918
v 5.661742 11.586264 -155.591873
v 30.843710 4.852022 -105.050156
v 5.634210 11.601500 -155.576096
v 30.822287 4.876230 -105.036232
v 5.612786 11.625711 -155.562195
v 30.809069 4.907042 -105.025520
v 5.599568 11.656517 -155.551453
v 30.805349 4.941444 -105.019073
v 5.595850 11.690918 -155.544983
v 30.811497 4.976067 -105.017509
v 5.601996 11.725546 -155.543442
v 30.826902 5.007521 -105.020996
v 5.617403 11.756994 -155.546921
v 30.850065 5.032726 -105.029190
v 5.640565 11.782207 -155.555145
v 30.878714 5.049217 -105.041275
v 5.669213 11.798695 -155.567200
v 30.910044 5.055382 -105.056084
v 5.700543 11.804857 -155.582016
v 30.940989 5.050610 -105.072159
v 5.731489 11.800089 -155.598099
v 30.968521 5.035378 -105.087936
v 5.759022 11.784859 -155.613876
v 30.989944 5.011169 -105.101852
v 5.780445 11.760645 -155.627792
v 31.003162 4.980356 -105.112564
v 5.793663 11.729832 -155.638519
vn 0.9818 -0.1613 0.1006
vn 0.8859 -0.4578 0.0745
vn 0.7034 -0.7096 0.0411
vn 0.4519 -0.8920 0.0036
vn 0.1562 -0.9871 -0.0343
vn -0.1547 -0.9856 -0.0687
vn -0.4506 -0.8875 -0.0964
vn -0.7022 -0.7027 -0.1147
vn -0.8853 -0.4489 -0.1218
vn -0.9815 -0.1514 -0.1169
vn -0.9818 0.1612 -0.1006
vn -0.8859 0.4579 -0.0745
vn -0.7034 0.7096 -0.0411
vn -0.4519 0.8920 -0.0036
vn -0.1562 0.9871 0.0342
vn 0.1547 0.9856 0.0687
vn 0.4505 0.8875 0.0964
vn 0.7022 0.7026 0.1147
vn 0.8852 0.4491 0.1218
vn 0.9816 0.1513 0.1169
vn 0.8837 -0.1365 -0.4477
vn 0.7953 -0.4353 -0.4220
vn 0.6289 -0.6918 -0.3549
vn 0.4011 -0.8804 -0.2532
vn 0.1339 -0.9829 -0.1266
vn -0.1464 -0.9892 0.0123
vn -0.4124 -0.8986 0.1501
vn -0.6378 -0.7201 0.2731
vn -0.8010 -0.4712 0.3694
vn -0.8857 -0.1760 0.4296
vn -0.8837 0.1364 0.4477
vn -0.7952 0.4354 0.4219
vn -0.6289 0.6917 0.3549
vn -0.4010 0.8804 0.2532
vn -0.1339 0.9829 0.1266
vn 0.1464 0.9892 -0.0124
vn 0.4123 0.8986 -0.1501
vn 0.6379 0.7201 -0.2731
vn 0.8010 0.4710 -0.3695
vn 0.8857 0.1760 -0.4296
vn 0.8792 -0.1356 -0.4568
vn 0.7822 -0.4328 -0.4481
vn 0.6086 -0.6878 -0.3956
vn 0.3755 -0.8754 -0.3043
vn 0.1056 -0.9774 -0.1833
vn -0.1746 -0.9836 -0.0443
vn -0.4378 -0.8936 0.0991
vn -0.6580 -0.7161 0.2326
vn -0.8138 -0.4687 0.3434
vn -0.8901 -0.1751 0.4207
vn -0.8792 0.1356 0.4568
vn -0.7823 0.4327 0.4481
vn -0.6086 0.6879 0.3955
vn -0.3756 0.8754 0.3043
vn -0.1056 0.9774 0.1833
vn 0.1747 0.9836 0.0443
vn 0.4376 0.8937 -0.0990
vn 0.6581 0.7161 -0.2327
vn 0.8139 0.4686 -0.3435
vn 0.8901 0.1752 -0.4207
s 1
usemtl SEWER_PROP_225
f 1858//1021 1859//1021 1860//1021 1861//1021
f 1859//1022 1862//1022 1863//1022 1860//1022
f 1862//1023 1864//1023 1865//1023 1863//1023
f 1864//1024 1866//1024 1867//1024 1865//1024
f 1866//1025 1868//1025 1869//1025 1867//1025
f 1868//1026 1870//1026 1871//1026 1869//1026
f 1870//1027 1872//1027 1873//1027 1871//1027
f 1872//1028 1874//1028 1875//1028 1873//1028
f 1874//1029 1876//1029 1877//1029 1875//1029
f 1876//1030 1878//1030 1879//1030 1877//1030
f 1878//1031 1880//1031 1881//1031 1879//1031
f 1880//1032 1882//1032 1883//1032 1881//1032
f 1882//1033 1884//1033 1885//1033 1883//1033
f 1884//1034 1886//1034 1887//1034 1885//1034
f 1886//1035 1888//1035 1889//1035 1887//1035
f 1888//1036 1890//1036 1891//1036 1889//1036
f 1890//1037 1892//1037 1893//1037 1891//1037
f 1892//1038 1894//1038 1895//1038 1893//1038
f 1894//1039 1896//1039 1897//1039 1895//1039
f 1896//1040 1858//1040 1861//1040 1897//1040
f 1898//1041 1899//1041 1900//1041 1901//1041
f 1899//1042 1902//1042 1903//1042 1900//1042
f 1902//1043 1904//1043 1905//1043 1903//1043
f 1904//1044 1906//1044 1907//1044 1905//1044
f 1906//1045 1908//1045 1909//1045 1907//1045
f 1908//1046 1910//1046 1911//1046 1909//1046
f 1910//1047 1912//1047 1913//1047 1911//1047
f 1912//1048 1914//1048 1915//1048 1913//1048
f 1914//1049 1916//1049 1917//1049 1915//1049
f 1916//1050 1918//1050 1919//1050 1917//1050
f 1918//1051 1920//1051 1921//1051 1919//1051
f 1920//1052 1922//1052 1923//1052 1921//1052
f 1922//1053 1924//1053 1925//1053 1923//1053
f 1924//1054 1926//1054 1927//1054 1925//1054
f 1926//1055 1928//1055 1929//1055 1927//1055
f 1928//1056 1930//1056 1931//1056 1929//1056
f 1930//1057 1932//1057 1933//1057 1931//1057
f 1932//1058 1934//1058 1935//1058 1933//1058
f 1934//1059 1936//1059 1937//1059 1935//1059
f 1936//1060 1898//1060 1901//1060 1937//1060
f 1938//1061 1939//1061 1940//1061 1941//1061
f 1939//1062 1942//1062 1943//1062 1940//1062
f 1942//1063 1944//1063 1945//1063 1943//1063
f 1944//1064 1946//1064 1947//1064 1945//1064
f 1946//1065 1948//1065 1949//1065 1947//1065
f 1948//1066 1950//1066 1951//1066 1949//1066
f 1950//1067 1952//1067 1953//1067 1951//1067
f 1952//1068 1954//1068 1955//1068 1953//1068
f 1954//1069 1956//1069 1957//1069 1955//1069
f 1956//1070 1958//1070 1959//1070 1957//1070
f 1958//1071 1960//1071 1961//1071 1959//1071
f 1960//1072 1962//1072 1963//1072 1961//1072
f 1962//1073 1964//1073 1965//1073 1963//1073
f 1964//1074 1966//1074 1967//1074 1965//1074
f 1966//1075 1968//1075 1969//1075 1967//1075
f 1968//1076 1970//1076 1971//1076 1969//1076
f 1970//1077 1972//1077 1973//1077 1971//1077
f 1972//1078 1974//1078 1975//1078 1973//1078
f 1974//1079 1976//1079 1977//1079 1975//1079
f 1976//1080 1938//1080 1941//1080 1977//1080
o STORM_EXISTING_OD530
v 0.008797 11.719172 -153.751709
v 0.005860 11.651134 -153.763855
v 5.299768 11.411983 -153.704224
v 5.300649 11.480083 -153.692078
v 0.003364 11.588541 -153.793198
v 5.299247 11.349340 -153.733536
v 0.001477 11.535673 -153.837799
v 5.299122 11.296415 -153.778107
v 0.000330 11.496119 -153.894531
v 5.299401 11.256823 -153.834808
v 0.000000 11.472582 -153.959610
v 5.300065 11.233257 -153.899841
v 0.000509 11.466663 -154.028519
v 5.301070 11.227333 -153.968781
v 0.001824 11.478764 -154.096619
v 5.302346 11.239441 -154.036865
v 0.003853 11.508064 -154.159241
v 5.303807 11.268763 -154.099503
v 0.006460 11.552568 -154.212173
v 5.305353 11.313305 -154.152420
v 0.009465 11.609236 -154.251709
v 5.306878 11.370024 -154.192017
v 0.012666 11.674208 -154.275223
v 5.308279 11.435061 -154.215546
v 0.015843 11.743063 -154.281113
v 5.309461 11.503973 -154.221451
v 0.018779 11.811104 -154.268967
v 5.310342 11.572073 -154.209320
v 0.021276 11.873693 -154.239624
v 5.310863 11.634724 -154.179993
v 0.023162 11.926575 -154.195068
v 5.310988 11.687651 -154.135468
v 0.024309 11.966124 -154.138306
v 5.310708 11.727234 -154.078690
v 0.024639 11.989668 -154.073273
v 5.310044 11.750801 -154.013702
v 0.024130 11.995581 -154.004333
v 5.309039 11.756725 -153.944748
v 0.022816 11.983479 -153.936234
v 5.307763 11.744614 -153.876648
v 0.020786 11.954178 -153.873581
v 5.306302 11.715288 -153.814011
v 0.018180 11.909678 -153.820709
v 5.304757 11.670755 -153.761108
v 0.015174 11.853004 -153.781113
v 5.303231 11.614035 -153.721527
v 0.011974 11.788027 -153.757599
v 5.301830 11.549004 -153.697983
v 10.593145 11.484068 -153.595169
v 10.592502 11.552179 -153.583084
v 10.594105 11.421415 -153.624496
v 10.595316 11.368486 -153.669037
v 10.596695 11.328888 -153.725739
v 10.598149 11.305325 -153.790771
v 10.599579 11.299397 -153.859680
v 10.600887 11.311506 -153.927750
v 10.601984 11.340832 -153.990387
v 10.602795 11.385378 -154.043350
v 10.603265 11.442101 -154.082947
v 10.603362 11.507143 -154.106506
v 10.603080 11.576065 -154.112442
v 10.602437 11.644171 -154.100342
v 10.601477 11.706831 -154.071030
v 10.600266 11.759758 -154.026505
v 10.598887 11.799349 -153.969772
v 10.597432 11.822918 -153.904770
v 10.596003 11.828842 -153.835846
v 10.594695 11.816734 -153.767761
v 10.593598 11.787407 -153.705093
v 10.592787 11.742868 -153.652191
v 10.592317 11.686146 -153.612595
v 10.592219 11.621105 -153.589035
v 15.884897 11.473843 -153.489899
v 15.885238 11.541948 -153.477783
v 15.884939 11.411188 -153.519226
v 15.885362 11.358265 -153.563782
v 15.886137 11.318663 -153.620499
v 15.887211 11.295101 -153.685532
v 15.888511 11.289169 -153.754440
v 15.889949 11.301283 -153.822540
v 15.891426 11.330610 -153.885193
v 15.892842 11.375151 -153.938080
v 15.894100 11.431871 -153.977676
v 15.895114 11.496918 -154.001236
v 15.895816 11.565840 -154.007141
v 15.896157 11.633945 -153.995026
v 15.896115 11.696592 -153.965668
v 15.895692 11.749525 -153.921143
v 15.894917 11.789124 -153.864426
v 15.893843 11.812689 -153.799408
v 15.892543 11.818615 -153.730469
v 15.891105 11.806503 -153.662384
v 15.889628 11.777176 -153.599731
v 15.888213 11.732641 -153.546844
v 15.886955 11.675915 -153.507263
v 15.885940 11.610870 -153.483704
v 21.176060 11.394108 -153.387772
v 21.177975 11.462183 -153.375626
v 21.174637 11.331484 -153.417114
v 21.173800 11.278582 -153.461700
v 21.173609 11.239004 -153.518433
v 21.174074 11.215454 -153.583496
v 21.175167 11.209524 -153.652390
v 21.176813 11.221632 -153.720474
v 21.178898 11.250946 -153.783112
v 21.181278 11.295473 -153.836014
v 21.183796 11.352169 -153.875549
v 21.186277 11.417181 -153.899109
v 21.188553 11.486073 -153.904984
v 21.190468 11.554144 -153.892807
v 21.191891 11.616770 -153.863464
v 21.192726 11.669672 -153.818909
v 21.192919 11.709246 -153.762146
v 21.192451 11.732801 -153.697113
v 21.191359 11.738724 -153.628189
v 21.189714 11.726620 -153.560104
v 21.187630 11.697306 -153.497467
v 21.185247 11.652782 -153.444595
v 21.182732 11.596083 -153.405029
v 21.180250 11.531075 -153.381500
v 26.468218 11.141054 -153.293442
v 26.470711 11.209110 -153.281265
v 26.466253 11.078451 -153.322815
v 26.464954 11.025570 -153.367386
v 26.464407 10.986004 -153.424133
v 26.464651 10.962461 -153.489182
v 26.465668 10.956537 -153.558090
v 26.467388 10.968645 -153.626190
v 26.469696 10.997952 -153.688828
v 26.472433 11.042456 -153.741684
v 26.475414 11.099140 -153.781250
v 26.478434 11.164129 -153.804779
v 26.481289 11.233000 -153.810623
v 26.483784 11.301060 -153.798477
v 26.485746 11.363659 -153.769104
v 26.487045 11.416544 -153.724533
v 26.487593 11.456108 -153.667770
v 26.487349 11.479650 -153.602707
v 26.486332 11.485577 -153.533813
v 26.484612 11.473475 -153.465729
v 26.482304 11.444166 -153.403091
v 26.479567 11.399656 -153.350220
v 26.476585 11.342974 -153.310669
v 26.473564 11.277985 -153.287155
v 31.761496 10.971802 -153.195312
v 31.763447 11.039869 -153.183151
v 31.760038 10.909176 -153.224670
v 31.759172 10.856279 -153.269257
v 31.758959 10.816704 -153.325989
v 31.759411 10.793142 -153.391022
v 31.760500 10.787224 -153.459930
v 31.762150 10.799328 -153.528046
v 31.764248 10.828638 -153.590652
v 31.766651 10.873163 -153.643555
v 31.769197 10.929863 -153.683121
v 31.771713 10.994869 -153.706619
v 31.774025 11.063759 -153.712494
v 31.775976 11.131834 -153.700363
v 31.777433 11.194456 -153.670990
v 31.778299 11.247358 -153.626434
v 31.778513 11.286936 -153.569687
v 31.778061 11.310486 -153.504639
v 31.776972 11.316416 -153.435745
v 31.775324 11.304306 -153.367645
v 31.773224 11.274988 -153.305008
v 31.770821 11.230471 -153.252136
v 31.768274 11.173769 -153.212570
v 31.765759 11.108765 -153.189072
vn -0.0190 -0.1752 0.9843
vn -0.0184 -0.1751 0.9844
vn -0.0293 -0.4235 0.9054
vn -0.0377 -0.6435 0.7645
vn -0.0434 -0.8192 0.5719
vn -0.0463 -0.9393 0.3399
vn -0.0459 -0.9953 0.0850
vn -0.0424 -0.9835 -0.1756
vn -0.0361 -0.9048 -0.4244
vn -0.0273 -0.7644 -0.6442
vn -0.0166 -0.5718 -0.8202
vn -0.0048 -0.3405 -0.9402
vn 0.0074 -0.0856 -0.9963
vn 0.0190 0.1752 -0.9843
vn 0.0185 0.1748 -0.9844
vn 0.0185 0.1747 -0.9845
vn 0.0293 0.4235 -0.9054
vn 0.0377 0.6435 -0.7645
vn 0.0435 0.8194 -0.5715
vn 0.0463 0.9392 -0.3402
vn 0.0459 0.9953 -0.0849
vn 0.0425 0.9835 0.1756
vn 0.0361 0.9048 0.4244
vn 0.0273 0.7642 0.6444
vn 0.0166 0.5720 0.8201
vn 0.0048 0.3402 0.9403
vn -0.0074 0.0856 0.9963
vn -0.0189 -0.1750 0.9844
vn -0.0129 -0.4240 0.9056
vn -0.0159 -0.4240 0.9055
vn -0.0070 -0.6440 0.7650
vn -0.0127 -0.6404 0.7679
vn -0.0006 -0.8199 0.5725
vn -0.0068 -0.8235 0.5673
vn 0.0058 -0.9401 0.3408
vn 0.0118 -0.9962 0.0858
vn 0.0170 -0.9845 -0.1747
vn 0.0210 -0.9056 -0.4235
vn 0.0237 -0.7652 -0.6434
vn 0.0175 -0.7652 -0.6436
vn 0.0247 -0.5725 -0.8196
vn 0.0199 -0.5725 -0.8197
vn 0.0240 -0.3406 -0.9399
vn 0.0210 -0.3407 -0.9399
vn 0.0217 -0.0854 -0.9961
vn 0.0208 -0.0848 -0.9962
vn 0.0189 0.1742 -0.9845
vn 0.0189 0.1743 -0.9845
vn 0.0129 0.4238 -0.9057
vn 0.0157 0.4212 -0.9068
vn 0.0070 0.6438 -0.7651
vn 0.0117 0.6438 -0.7651
vn 0.0006 0.8202 -0.5721
vn 0.0073 0.8166 -0.5772
vn -0.0058 0.9401 -0.3410
vn -0.0118 0.9962 -0.0858
vn -0.0170 0.9845 0.1748
vn -0.0211 0.9057 0.4235
vn -0.0237 0.7650 0.6436
vn -0.0175 0.7650 0.6437
vn -0.0247 0.5725 0.8195
vn -0.0199 0.5725 0.8197
vn -0.0240 0.3406 0.9399
vn -0.0210 0.3407 0.9399
vn -0.0217 0.0858 0.9961
vn -0.0207 0.0857 0.9961
vn -0.0208 -0.1749 0.9844
vn -0.0213 -0.4239 0.9054
vn -0.0210 -0.6410 0.7673
vn -0.0182 -0.8199 0.5722
vn -0.0086 -0.9402 0.3405
vn -0.0147 -0.9402 0.3404
vn -0.0036 -0.9963 0.0856
vn -0.0101 -0.9963 0.0855
vn 0.0016 -0.9846 -0.1751
vn -0.0049 -0.9845 -0.1752
vn 0.0067 -0.9057 -0.4238
vn 0.0006 -0.9057 -0.4240
vn 0.0061 -0.7651 -0.6439
vn 0.0112 -0.5724 -0.8199
vn 0.0152 -0.3385 -0.9409
vn 0.0188 -0.0857 -0.9961
vn 0.0208 0.1752 -0.9843
vn 0.0213 0.4218 -0.9065
vn 0.0205 0.6438 -0.7649
vn 0.0182 0.8200 -0.5721
vn 0.0086 0.9401 -0.3407
vn 0.0147 0.9401 -0.3405
vn 0.0036 0.9963 -0.0856
vn 0.0101 0.9963 -0.0855
vn -0.0016 0.9846 0.1751
vn 0.0049 0.9845 0.1752
vn -0.0067 0.9057 0.4238
vn -0.0006 0.9057 0.4240
vn -0.0061 0.7650 0.6440
vn -0.0112 0.5724 0.8199
vn -0.0155 0.3407 0.9400
vn -0.0188 0.0857 0.9961
vn -0.0238 -0.1749 0.9843
vn -0.0301 -0.4237 0.9053
vn -0.0245 -0.6437 0.7649
vn -0.0234 -0.8199 0.5721
vn -0.0207 -0.9401 0.3402
vn -0.0167 -0.9962 0.0855
vn -0.0114 -0.9844 -0.1753
vn -0.0055 -0.9056 -0.4241
vn 0.0009 -0.7651 -0.6440
vn 0.0072 -0.5727 -0.8197
vn 0.0069 -0.3347 -0.9423
vn 0.0158 -0.0855 -0.9962
vn 0.0235 0.1729 -0.9847
vn 0.0301 0.4238 -0.9053
vn 0.0245 0.6437 -0.7649
vn 0.0234 0.8200 -0.5719
vn 0.0207 0.9401 -0.3404
vn 0.0167 0.9962 -0.0854
vn 0.0115 0.9844 0.1753
vn 0.0055 0.9056 0.4241
vn -0.0009 0.7650 0.6441
vn -0.0072 0.5724 0.8199
vn -0.0068 0.3404 0.9402
vn -0.0158 0.0856 0.9962
vn -0.0249 -0.1750 0.9842
vn -0.0331 -0.4209 0.9065
vn -0.0444 -0.6433 0.7643
vn -0.0406 -0.6399 0.7674
vn -0.0494 -0.8190 0.5716
vn -0.0431 -0.8193 0.5717
vn -0.0510 -0.9392 0.3396
vn -0.0491 -0.9952 0.0849
vn -0.0439 -0.9834 -0.1759
vn -0.0357 -0.9046 -0.4247
vn -0.0251 -0.7643 -0.6444
vn -0.0197 -0.7684 -0.6396
vn -0.0127 -0.5717 -0.8204
vn -0.0079 -0.5720 -0.8202
vn 0.0035 -0.3404 -0.9403
vn 0.0147 -0.0855 -0.9962
vn 0.0249 0.1748 -0.9843
vn 0.0334 0.4237 -0.9052
vn 0.0444 0.6432 -0.7644
vn 0.0396 0.6434 -0.7645
vn 0.0494 0.8192 -0.5713
vn 0.0439 0.8158 -0.5766
vn 0.0510 0.9391 -0.3398
vn 0.0491 0.9952 -0.0848
vn 0.0439 0.9834 0.1759
vn 0.0357 0.9046 0.4247
vn 0.0250 0.7642 0.6444
vn 0.0188 0.7645 0.6444
vn 0.0127 0.5717 0.8204
vn 0.0079 0.5719 0.8203
vn -0.0035 0.3403 0.9403
vn -0.0147 0.0847 0.9963
vn -0.0238 -0.1752 0.9842
vn -0.0303 -0.4237 0.9053
vn -0.0348 -0.6437 0.7645
vn -0.0368 -0.8195 0.5718
vn -0.0364 -0.9397 0.3401
vn -0.0334 -0.9958 0.0851
vn -0.0282 -0.9840 -0.1757
vn -0.0211 -0.9052 -0.4244
vn -0.0125 -0.7646 -0.6443
vn -0.0031 -0.5722 -0.8201
vn 0.0065 -0.3404 -0.9403
vn 0.0157 -0.0855 -0.9962
vn 0.0238 0.1747 -0.9843
vn 0.0303 0.4239 -0.9052
vn 0.0348 0.6436 -0.7646
vn 0.0368 0.8196 -0.5717
vn 0.0363 0.9397 -0.3400
vn 0.0334 0.9958 -0.0852
vn 0.0282 0.9840 0.1757
vn 0.0211 0.9052 0.4244
vn 0.0125 0.7647 0.6443
vn 0.0031 0.5721 0.8202
vn -0.0065 0.3404 0.9403
vn -0.0157 0.0859 0.9962
s 1
usemtl STORM_EXISTING_OD530
f 1978//1081 1979//1081 1980//1082 1981//1082
f 1979//1083 1982//1083 1983//1083 1980//1083
f 1982//1084 1984//1084 1985//1084 1983//1084
f 1984//1085 1986//1085 1987//1085 1985//1085
f 1986//1086 1988//1086 1989//1086 1987//1086
f 1988//1087 1990//1087 1991//1087 1989//1087
f 1990//1088 1992//1088 1993//1088 1991//1088
f 1992//1089 1994//1089 1995//1089 1993//1089
f 1994//1090 1996//1090 1997//1090 1995//1090
f 1996//1091 1998//1091 1999//1091 1997//1091
f 1998//1092 2000//1092 2001//1092 1999//1092
f 2000//1093 2002//1093 2003//1093 2001//1093
f 2002//1094 2004//1094 2005//1095 2003//1096
f 2004//1097 2006//1097 2007//1097 2005//1097
f 2006//1098 2008//1098 2009//1098 2007//1098
f 2008//1099 2010//1099 2011//1099 2009//1099
f 2010//1100 2012//1100 2013//1100 2011//1100
f 2012//1101 2014//1101 2015//1101 2013//1101
f 2014//1102 2016//1102 2017//1102 2015//1102
f 2016//1103 2018//1103 2019//1103 2017//1103
f 2018//1104 2020//1104 2021//1104 2019//1104
f 2020//1105 2022//1105 2023//1105 2021//1105
f 2022//1106 2024//1106 2025//1106 2023//1106
f 2024//1107 1978//1107 1981//1107 2025//1107
f 1981//1082 1980//1082 2026//1108 2027//1108
f 1980//1109 1983//1109 2028//1110 2026//1110
f 1983//1111 1985//1111 2029//1112 2028//1112
f 1985//1113 1987//1113 2030//1114 2029//1114
f 1987//1115 1989//1115 2031//1115 2030//1115
f 1989//1116 1991//1116 2032//1116 2031//1116
f 1991//1117 1993//1117 2033//1117 2032//1117
f 1993//1118 1995//1118 2034//1118 2033//1118
f 1995//1119 1997//1119 2035//1120 2034//1120
f 1997//1121 1999//1121 2036//1122 2035//1122
f 1999//1123 2001//1123 2037//1124 2036//1124
f 2001//1125 2003//1125 2038//1126 2037//1126
f 2003//1096 2005//1095 2039//1127 2038//1128
f 2005//1129 2007//1129 2040//1130 2039//1130
f 2007//1131 2009//1131 2041//1132 2040//1132
f 2009//1133 2011//1133 2042//1134 2041//1134
f 2011//1135 2013//1135 2043//1135 2042//1135
f 2013//1136 2015//1136 2044//1136 2043//1136
f 2015//1137 2017//1137 2045//1137 2044//1137
f 2017//1138 2019//1138 2046//1138 2045//1138
f 2019//1139 2021//1139 2047//1140 2046//1140
f 2021//1141 2023//1141 2048//1142 2047//1142
f 2023//1143 2025//1143 2049//1144 2048//1144
f 2025//1145 1981//1145 2027//1146 2049//1146
f 2027//1108 2026//1108 2050//1147 2051//1147
f 2026//1110 2028//1110 2052//1148 2050//1148
f 2028//1112 2029//1112 2053//1149 2052//1149
f 2029//1114 2030//1114 2054//1150 2053//1150
f 2030//1151 2031//1151 2055//1152 2054//1152
f 2031//1153 2032//1153 2056//1154 2055//1154
f 2032//1155 2033//1155 2057//1156 2056//1156
f 2033//1157 2034//1157 2058//1158 2057//1158
f 2034//1120 2035//1120 2059//1159 2058//1159
f 2035//1122 2036//1122 2060//1160 2059//1160
f 2036//1124 2037//1124 2061//1161 2060//1161
f 2037//1126 2038//1126 2062//1162 2061//1162
f 2038//1128 2039//1127 2063//1163 2062//1163
f 2039//1130 2040//1130 2064//1164 2063//1164
f 2040//1132 2041//1132 2065//1165 2064//1165
f 2041//1134 2042//1134 2066//1166 2065//1166
f 2042//1167 2043//1167 2067//1168 2066//1168
f 2043//1169 2044//1169 2068//1170 2067//1170
f 2044//1171 2045//1171 2069//1172 2068//1172
f 2045//1173 2046//1173 2070//1174 2069//1174
f 2046//1140 2047//1140 2071//1175 2070//1175
f 2047//1142 2048//1142 2072//1176 2071//1176
f 2048//1144 2049//1144 2073//1177 2072//1177
f 2049//1146 2027//1146 2051//1178 2073//1178
f 2051//1147 2050//1147 2074//1179 2075//1179
f 2050//1148 2052//1148 2076//1180 2074//1180
f 2052//1149 2053//1149 2077//1181 2076//1181
f 2053//1150 2054//1150 2078//1182 2077//1182
f 2054//1152 2055//1152 2079//1183 2078//1183
f 2055//1154 2056//1154 2080//1184 2079//1184
f 2056//1156 2057//1156 2081//1185 2080//1185
f 2057//1158 2058//1158 2082//1186 2081//1186
f 2058//1159 2059//1159 2083//1187 2082//1187
f 2059//1160 2060//1160 2084//1188 2083//1188
f 2060//1161 2061//1161 2085//1189 2084//1189
f 2061//1162 2062//1162 2086//1190 2085//1190
f 2062//1163 2063//1163 2087//1191 2086//1191
f 2063//1164 2064//1164 2088//1192 2087//1192
f 2064//1165 2065//1165 2089//1193 2088//1193
f 2065//1166 2066//1166 2090//1194 2089//1194
f 2066//1168 2067//1168 2091//1195 2090//1195
f 2067//1170 2068//1170 2092//1196 2091//1196
f 2068//1172 2069//1172 2093//1197 2092//1197
f 2069//1174 2070//1174 2094//1198 2093//1198
f 2070//1175 2071//1175 2095//1199 2094//1199
f 2071//1176 2072//1176 2096//1200 2095//1200
f 2072//1177 2073//1177 2097//1201 2096//1201
f 2073//1178 2051//1178 2075//1202 2097//1202
f 2075//1179 2074//1179 2098//1203 2099//1203
f 2074//1180 2076//1180 2100//1204 2098//1204
f 2076//1205 2077//1205 2101//1206 2100//1206
f 2077//1207 2078//1207 2102//1208 2101//1208
f 2078//1209 2079//1209 2103//1209 2102//1209
f 2079//1210 2080//1210 2104//1210 2103//1210
f 2080//1211 2081//1211 2105//1211 2104//1211
f 2081//1212 2082//1212 2106//1212 2105//1212
f 2082//1213 2083//1213 2107//1214 2106//1214
f 2083//1215 2084//1215 2108//1216 2107//1216
f 2084//1189 2085//1189 2109//1217 2108//1217
f 2085//1190 2086//1190 2110//1218 2109//1218
f 2086//1191 2087//1191 2111//1219 2110//1219
f 2087//1192 2088//1192 2112//1220 2111//1220
f 2088//1221 2089//1221 2113//1222 2112//1222
f 2089//1223 2090//1223 2114//1224 2113//1224
f 2090//1225 2091//1225 2115//1225 2114//1225
f 2091//1226 2092//1226 2116//1226 2115//1226
f 2092//1227 2093//1227 2117//1227 2116//1227
f 2093//1228 2094//1228 2118//1228 2117//1228
f 2094//1229 2095//1229 2119//1230 2118//1230
f 2095//1231 2096//1231 2120//1232 2119//1232
f 2096//1201 2097//1201 2121//1233 2120//1233
f 2097//1202 2075//1202 2099//1234 2121//1234
f 2099//1203 2098//1203 2122//1235 2123//1235
f 2098//1204 2100//1204 2124//1236 2122//1236
f 2100//1206 2101//1206 2125//1237 2124//1237
f 2101//1208 2102//1208 2126//1238 2125//1238
f 2102//1239 2103//1239 2127//1239 2126//1239
f 2103//1240 2104//1240 2128//1240 2127//1240
f 2104//1241 2105//1241 2129//1241 2128//1241
f 2105//1242 2106//1242 2130//1242 2129//1242
f 2106//1214 2107//1214 2131//1243 2130//1243
f 2107//1216 2108//1216 2132//1244 2131//1244
f 2108//1217 2109//1217 2133//1245 2132//1245
f 2109//1218 2110//1218 2134//1246 2133//1246
f 2110//1219 2111//1219 2135//1247 2134//1247
f 2111//1220 2112//1220 2136//1248 2135//1248
f 2112//1222 2113//1222 2137//1249 2136//1249
f 2113//1224 2114//1224 2138//1250 2137//1250
f 2114//1251 2115//1251 2139//1251 2138//1251
f 2115//1252 2116//1252 2140//1252 2139//1252
f 2116//1253 2117//1253 2141//1253 2140//1253
f 2117//1254 2118//1254 2142//1254 2141//1254
f 2118//1230 2119//1230 2143//1255 2142//1255
f 2119//1232 2120//1232 2144//1256 2143//1256
f 2120//1233 2121//1233 2145//1257 2144//1257
f 2121//1234 2099//1234 2123//1258 2145//1258
o WATER_PROP_150_DERIVED_Z
v 6.338151 13.531916 -149.324249
v 6.336994 13.508970 -149.329025
v 7.884713 13.413422 -149.252518
v 7.884616 13.436371 -149.247604
v 6.336347 13.488598 -149.340637
v 7.887141 13.393023 -149.263840
v 6.336272 13.472801 -149.357986
v 7.891664 13.377192 -149.280563
v 6.336778 13.463120 -149.379379
v 7.897837 13.367466 -149.301010
v 6.337814 13.460501 -149.402649
v 7.905058 13.364790 -149.323151
v 6.339280 13.465208 -149.425629
v 7.912618 13.369448 -149.344910
v 6.341031 13.476770 -149.445953
v 7.919779 13.380959 -149.364044
v 6.342897 13.494062 -149.461700
v 7.925839 13.398211 -149.378738
v 6.344694 13.515388 -149.471329
v 7.930205 13.419516 -149.387589
v 6.346247 13.538666 -149.473877
v 7.932449 13.442781 -149.389633
v 6.347404 13.561607 -149.469101
v 7.932352 13.465731 -149.384766
v 6.348051 13.581982 -149.457474
v 7.929924 13.486122 -149.373428
v 6.348125 13.597776 -149.440125
v 7.925402 13.501955 -149.356689
v 6.347619 13.607460 -149.418762
v 7.919228 13.511684 -149.336243
v 6.346583 13.610075 -149.395462
v 7.912008 13.514359 -149.314102
v 6.345118 13.605370 -149.372513
v 7.904447 13.509703 -149.292343
v 6.343366 13.593807 -149.352173
v 7.897286 13.498192 -149.273224
v 6.341501 13.576515 -149.336411
v 7.891227 13.480938 -149.258514
v 6.339704 13.555189 -149.326813
v 7.886861 13.459633 -149.249664
v 8.546553 13.359249 -148.606369
v 8.543708 13.382288 -148.602951
v 8.555319 13.338644 -148.613388
v 8.569147 13.322481 -148.623306
v 8.586683 13.312357 -148.635147
v 8.606212 13.309248 -148.647781
v 8.625820 13.313469 -148.659943
v 8.643590 13.324608 -148.670486
v 8.657781 13.341574 -148.678345
v 8.667004 13.362692 -148.682739
v 8.670358 13.385916 -148.683273
v 8.667512 13.408951 -148.679855
v 8.658746 13.429564 -148.672852
v 8.644918 13.445721 -148.662933
v 8.627382 13.455847 -148.651062
v 8.607854 13.458952 -148.638428
v 8.588245 13.454727 -148.626266
v 8.570476 13.443586 -148.615723
v 8.556284 13.426632 -148.607895
v 8.547061 13.405506 -148.603485
v 9.402065 13.245022 -146.839355
v 9.399152 13.268045 -146.835892
v 9.411302 13.224392 -146.845657
v 9.425959 13.208181 -146.854202
v 9.444602 13.197971 -146.864151
v 9.465405 13.194773 -146.874542
v 9.486332 13.198889 -146.884323
v 9.505336 13.209915 -146.892563
v 9.520554 13.226772 -146.898438
v 9.530499 13.247820 -146.901398
v 9.534196 13.270988 -146.901123
v 9.531283 13.294018 -146.897675
v 9.522046 13.314648 -146.891403
v 9.507389 13.330858 -146.882828
v 9.488746 13.341063 -146.872894
v 9.467943 13.344269 -146.862534
v 9.447016 13.340155 -146.852737
v 9.428013 13.329128 -146.844482
v 9.412794 13.312269 -146.838623
v 9.402849 13.291218 -146.835663
v 10.261536 13.045843 -145.068954
v 10.258794 13.068830 -145.065140
v 10.270620 13.025246 -145.075577
v 10.285155 13.009054 -145.084366
v 10.303719 12.998869 -145.094482
v 10.324496 12.995668 -145.104904
v 10.345450 12.999779 -145.114639
v 10.364531 13.010784 -145.122696
v 10.379872 13.027620 -145.128326
v 10.389970 13.048637 -145.130966
v 10.393837 13.071777 -145.130371
v 10.391095 13.094770 -145.126587
v 10.382011 13.115372 -145.119980
v 10.367476 13.131557 -145.111176
v 10.348911 13.141747 -145.101074
v 10.328135 13.144943 -145.090652
v 10.307181 13.140835 -145.080917
v 10.288099 13.129822 -145.072830
v 10.272759 13.112988 -145.067200
v 10.262661 13.091969 -145.064529
v 11.121158 12.864494 -143.297424
v 11.118435 12.887478 -143.293579
v 11.130224 12.843897 -143.304077
v 11.144745 12.827717 -143.312912
v 11.163301 12.817530 -143.323029
v 11.184074 12.814329 -143.333466
v 11.205031 12.818436 -143.343185
v 11.224122 12.829449 -143.351242
v 11.239476 12.846279 -143.356842
v 11.249592 12.867292 -143.359467
v 11.253478 12.890423 -143.358810
v 11.250756 12.913410 -143.354950
v 11.241690 12.934006 -143.348297
v 11.227168 12.950191 -143.339493
v 11.208613 12.960379 -143.329361
v 11.187840 12.963579 -143.318939
v 11.166882 12.959471 -143.309219
v 11.147792 12.948463 -143.301147
v 11.132437 12.931623 -143.295547
v 11.122322 12.910614 -143.292938
v 11.980663 12.657646 -141.527313
v 11.978076 12.680597 -141.523148
v 11.989606 12.637079 -141.534195
v 12.004030 12.620922 -141.543228
v 12.022523 12.610746 -141.553467
v 12.043275 12.607553 -141.563950
v 12.064254 12.611652 -141.573624
v 12.083407 12.622652 -141.581558
v 12.098859 12.639460 -141.586960
v 12.109097 12.660444 -141.589310
v 12.113120 12.683544 -141.588425
v 12.110533 12.706493 -141.584274
v 12.101590 12.727064 -141.577377
v 12.087166 12.743219 -141.568344
v 12.068673 12.753397 -141.558105
v 12.047922 12.756590 -141.547623
v 12.026943 12.752489 -141.537949
v 12.007790 12.741491 -141.529999
v 11.992338 12.724684 -141.524597
v 11.982099 12.703699 -141.522247
v 12.840157 12.422749 -139.758438
v 12.837718 12.445663 -139.754028
v 12.848967 12.402222 -139.765625
v 12.863285 12.386086 -139.774841
v 12.881710 12.375937 -139.785263
v 12.902439 12.372751 -139.795792
v 12.923441 12.376844 -139.805420
v 12.942662 12.387817 -139.813217
v 12.958219 12.404604 -139.818405
v 12.968591 12.425543 -139.820465
v 12.972761 12.448601 -139.819214
v 12.970322 12.471521 -139.814835
v 12.961512 12.492046 -139.807632
v 12.947194 12.508179 -139.798386
v 12.928769 12.518332 -139.788010
v 12.908040 12.521521 -139.777481
v 12.887038 12.517422 -139.767838
v 12.867817 12.506451 -139.760056
v 12.852260 12.489664 -139.754868
v 12.841888 12.468719 -139.752777
v 13.699643 12.157661 -137.990952
v 13.697359 12.180531 -137.986237
v 13.708313 12.137180 -137.998459
v 13.722520 12.121082 -138.007904
v 13.740873 12.110950 -138.018448
v 13.761577 12.107771 -138.029037
v 13.782604 12.111858 -138.038605
v 13.801896 12.122810 -138.046249
v 13.817565 12.139563 -138.051224
v 13.828077 12.160461 -138.052994
v 13.832403 12.183475 -138.051453
v 13.830119 12.206345 -138.046722
v 13.821449 12.226826 -138.039246
v 13.807242 12.242924 -138.029785
v 13.788888 12.253057 -138.019241
v 13.768185 12.256235 -138.008652
v 13.747158 12.252144 -137.999039
v 13.727865 12.241188 -137.991425
v 13.712197 12.224443 -137.986465
v 13.701685 12.203543 -137.984680
v 14.559127 11.861195 -136.224915
v 14.557001 11.884012 -136.219879
v 14.567655 11.840763 -136.232697
v 14.581749 11.824705 -136.242401
v 14.600031 11.814590 -136.253067
v 14.620710 11.811424 -136.263702
v 14.641761 11.815502 -136.273224
v 14.661126 11.826433 -136.280731
v 14.676907 11.843145 -136.285477
v 14.687561 11.863997 -136.286957
v 14.692044 11.886951 -136.285080
v 14.689917 11.909763 -136.280014
v 14.681389 11.930201 -136.272247
v 14.667295 11.946260 -136.262558
v 14.649014 11.956366 -136.251862
v 14.628335 11.959536 -136.241226
v 14.607283 11.955456 -136.231705
v 14.587919 11.944529 -136.224228
v 14.572137 11.927818 -136.219482
v 14.561483 11.906963 -136.217972
v 15.418617 11.533506 -134.460266
v 15.416642 11.556259 -134.454880
v 15.427009 11.513126 -134.468338
v 15.440995 11.497107 -134.478226
v 15.459206 11.487020 -134.489044
v 15.479861 11.483864 -134.499756
v 15.500937 11.487936 -134.509247
v 15.520371 11.498835 -134.516571
v 15.536261 11.515509 -134.521103
v 15.547051 11.536308 -134.522308
v 15.551685 11.559208 -134.520126
v 15.549710 11.581959 -134.514740
v 15.541319 11.602345 -134.506699
v 15.527332 11.618359 -134.496780
v 15.509121 11.628443 -134.485962
v 15.488466 11.631601 -134.475250
v 15.467390 11.627535 -134.465805
v 15.447956 11.616627 -134.458435
v 15.432066 11.599962 -134.453949
v 15.421276 11.579157 -134.452698
v 16.278122 11.176460 -132.696915
v 16.276283 11.199160 -132.691254
v 16.286390 11.156130 -132.705215
v 16.300280 11.140156 -132.715332
v 16.318428 11.130098 -132.726288
v 16.339062 11.126947 -132.737030
v 16.360159 11.131008 -132.746445
v 16.379656 11.141886 -132.753662
v 16.395643 11.158512 -132.757980
v 16.406555 11.179264 -132.758957
v 16.411327 11.202105 -132.756485
v 16.409489 11.224800 -132.750824
v 16.401218 11.245138 -132.742554
v 16.387331 11.261110 -132.732407
v 16.369183 11.271168 -132.721436
v 16.348549 11.274323 -132.710739
v 16.327452 11.270258 -132.701279
v 16.307955 11.259380 -132.694077
v 16.291967 11.242758 -132.689774
v 16.281054 11.222008 -132.688812
v 17.137651 10.793854 -130.934647
v 17.135925 10.816505 -130.928772
v 17.145819 10.773567 -130.943161
v 17.159628 10.757627 -130.953461
v 17.177725 10.747597 -130.964539
v 17.198339 10.744448 -130.975266
v 17.219456 10.748501 -130.984665
v 17.239002 10.759356 -130.991791
v 17.255072 10.775949 -130.995941
v 17.266085 10.796654 -130.996689
v 17.270967 10.819448 -130.994019
v 17.269241 10.842096 -130.988113
v 17.261074 10.862381 -130.979599
v 17.247267 10.878321 -130.969299
v 17.229168 10.888359 -130.958252
v 17.208553 10.891499 -130.947495
v 17.187437 10.887445 -130.938095
v 17.167889 10.876591 -130.930969
v 17.151821 10.859999 -130.926819
v 17.140806 10.839298 -130.926102
v 17.997213 10.391411 -129.173248
v 17.995565 10.414015 -129.167175
v 18.005308 10.371153 -129.181885
v 18.019060 10.355240 -129.192291
v 18.037123 10.345219 -129.203415
v 18.057726 10.342081 -129.214203
v 18.078854 10.346132 -129.223602
v 18.098436 10.356968 -129.230637
v 18.114561 10.373531 -129.234650
v 18.125647 10.394205 -129.235275
v 18.130610 10.416960 -129.232407
v 18.128962 10.439573 -129.226349
v 18.120867 10.459826 -129.217697
v 18.107115 10.475744 -129.207306
v 18.089052 10.485760 -129.196167
v 18.068451 10.488895 -129.185379
v 18.047323 10.484846 -129.176010
v 18.027739 10.474014 -129.168976
v 18.011614 10.457443 -129.164917
v 18.000528 10.436775 -129.164337
v 18.856289 9.976852 -127.413353
v 18.855207 9.999155 -127.406136
v 18.863874 9.956873 -127.423050
v 18.877222 9.941179 -127.434280
v 18.895023 9.931305 -127.445946
v 18.915537 9.928217 -127.456924
v 18.936752 9.932215 -127.466110
v 18.956598 9.942907 -127.472618
v 18.973127 9.959255 -127.475822
v 18.984722 9.979652 -127.475395
v 18.990252 10.002098 -127.471367
v 18.989168 10.024403 -127.464165
v 18.981583 10.044380 -127.454475
v 18.968237 10.060076 -127.443245
v 18.950436 10.069952 -127.431572
v 18.929922 10.073040 -127.420601
v 18.908705 10.069042 -127.411423
v 18.888861 10.058348 -127.404900
v 18.872332 10.042000 -127.401711
v 18.860735 10.021603 -127.402138
v 19.715969 9.340158 -125.662262
v 19.714849 9.362482 -125.655128
v 19.723589 9.320156 -125.671883
v 19.736961 9.304447 -125.683060
v 19.754782 9.294563 -125.694702
v 19.775299 9.291466 -125.705643
v 19.796513 9.295473 -125.714851
v 19.816339 9.306175 -125.721390
v 19.832842 9.322538 -125.724663
v 19.844402 9.342957 -125.724297
v 19.849892 9.365427 -125.720352
v 19.848772 9.387753 -125.713226
v 19.841152 9.407751 -125.703598
v 19.827778 9.423464 -125.692429
v 19.809959 9.433348 -125.680786
v 19.789440 9.436441 -125.669830
v 19.768229 9.432440 -125.660629
v 19.748402 9.421734 -125.654091
v 19.731899 9.405371 -125.650833
v 19.720339 9.384954 -125.651184
v 20.576235 8.940960 -123.899223
v 20.574490 8.963617 -123.893379
v 20.584417 8.920666 -123.907700
v 20.598236 8.904718 -123.917961
v 20.616343 8.894684 -123.929008
v 20.636961 8.891537 -123.939758
v 20.658073 8.895594 -123.949165
v 20.677614 8.906448 -123.956299
v 20.693668 8.923046 -123.960472
v 20.704668 8.943760 -123.961266
v 20.709534 8.966562 -123.958611
v 20.707788 8.989216 -123.952736
v 20.699608 9.009510 -123.944275
v 20.685785 9.025457 -123.934013
v 20.667681 9.035494 -123.922958
v 20.647062 9.038639 -123.912216
v 20.625950 9.034586 -123.902802
v 20.606409 9.023727 -123.895668
v 20.590355 9.007130 -123.891502
v 20.579355 8.986416 -123.890709
v 21.435987 8.561607 -122.136360
v 21.434132 8.584311 -122.130730
v 21.444271 8.541267 -122.144630
v 21.458174 8.525286 -122.154716
v 21.476330 8.515224 -122.165657
v 21.496965 8.512074 -122.176376
v 21.518061 8.516136 -122.185822
v 21.537550 8.527016 -122.193054
v 21.553524 8.543650 -122.197403
v 21.564423 8.564407 -122.198395
v 21.569176 8.587255 -122.195961
v 21.567318 8.609959 -122.190338
v 21.559034 8.630301 -122.182076
v 21.545134 8.646282 -122.171982
v 21.526976 8.656342 -122.161034
v 21.506340 8.659496 -122.150322
v 21.485245 8.655432 -122.140877
v 21.465757 8.644554 -122.133629
v 21.449781 8.627918 -122.129303
v 21.438885 8.607162 -122.128311
v 22.295771 8.208172 -120.372269
v 22.293774 8.230934 -120.366936
v 22.304182 8.187780 -120.380264
v 22.318184 8.171759 -120.390167
v 22.336405 8.161673 -120.400963
v 22.357063 8.158510 -120.411636
v 22.378136 8.162582 -120.421120
v 22.397560 8.173489 -120.428497
v 22.413433 8.190163 -120.433037
v 22.424204 8.210972 -120.434296
v 22.428816 8.233877 -120.432152
v 22.426819 8.256641 -120.426826
v 22.418407 8.277033 -120.418823
v 22.404406 8.293056 -120.408928
v 22.386183 8.303143 -120.398125
v 22.365524 8.306307 -120.387459
v 22.344454 8.302235 -120.377968
v 22.325029 8.291328 -120.370590
v 22.309155 8.274652 -120.366051
v 22.298386 8.253845 -120.364792
v 23.155575 7.885523 -118.606743
v 23.153414 7.908348 -118.601738
v 23.164131 7.865076 -118.614433
v 23.178249 7.849010 -118.624092
v 23.196547 7.838896 -118.634758
v 23.217230 7.835724 -118.645370
v 23.238276 7.839806 -118.654907
v 23.257626 7.850740 -118.662430
v 23.273384 7.867458 -118.667206
v 23.284008 7.888323 -118.668762
v 23.288458 7.911291 -118.666954
v 23.286299 7.934116 -118.661972
v 23.277740 7.954561 -118.654259
v 23.263622 7.970629 -118.644615
v 23.245325 7.980742 -118.633942
v 23.224642 7.983912 -118.623337
v 23.203594 7.979832 -118.613785
v 23.184246 7.968897 -118.606270
v 23.168488 7.952179 -118.601494
v 23.157864 7.931316 -118.599930
v 24.015390 7.596928 -116.839645
v 24.013056 7.619814 -116.835007
v 24.024107 7.576429 -116.847015
v 24.038351 7.560322 -116.856422
v 24.056728 7.550182 -116.866905
v 24.077440 7.546997 -116.877464
v 24.098459 7.551092 -116.887070
v 24.117727 7.562052 -116.894753
v 24.133360 7.578810 -116.899788
v 24.143826 7.599726 -116.901672
v 24.148100 7.622759 -116.900238
v 24.145763 7.645639 -116.895599
v 24.137049 7.666138 -116.888214
v 24.122805 7.682247 -116.878815
v 24.104427 7.692389 -116.868324
v 24.083715 7.695566 -116.857773
v 24.062696 7.691479 -116.848175
v 24.043427 7.680515 -116.840477
v 24.027796 7.663757 -116.835442
v 24.017330 7.642839 -116.833549
v 24.875214 7.344149 -115.070915
v 24.872698 7.367083 -115.066650
v 24.884094 7.323599 -115.077957
v 24.898470 7.307451 -115.087082
v 24.916929 7.297287 -115.097397
v 24.937670 7.294100 -115.107910
v 24.958660 7.298199 -115.117561
v 24.977844 7.309181 -115.125420
v 24.993347 7.325981 -115.130722
v 25.003649 7.346949 -115.132950
v 25.007740 7.370026 -115.131882
v 25.005222 7.392965 -115.127617
v 24.996344 7.413511 -115.120575
v 24.981968 7.429659 -115.111458
v 24.963509 7.439825 -115.101128
v 24.942766 7.443016 -115.090637
v 24.921778 7.438917 -115.080978
v 24.902592 7.427929 -115.073105
v 24.887091 7.411133 -115.067802
v 24.876789 7.390165 -115.065575
v 25.735037 7.127596 -113.300560
v 25.732338 7.150579 -113.296669
v 25.744081 7.107010 -113.307259
v 25.758587 7.090832 -113.316116
v 25.777130 7.080641 -113.326271
v 25.797899 7.077446 -113.336700
v 25.818863 7.081554 -113.346428
v 25.837963 7.092560 -113.354462
v 25.853334 7.109390 -113.360039
v 25.863470 7.130396 -113.362602
v 25.867382 7.153526 -113.361900
v 25.864681 7.176508 -113.358009
v 25.855639 7.197094 -113.351303
v 25.841133 7.213276 -113.342453
v 25.822590 7.223465 -113.332314
v 25.801819 7.226658 -113.321861
v 25.780857 7.222553 -113.312141
v 25.761757 7.211548 -113.304115
v 25.746386 7.194715 -113.298531
v 25.736248 7.173708 -113.295982
v 26.594812 6.946529 -111.528709
v 26.591980 6.969543 -111.525085
v 26.603975 6.925917 -111.535164
v 26.618576 6.909716 -111.543816
v 26.637182 6.899517 -111.553841
v 26.657972 6.896317 -111.564240
v 26.678913 6.900429 -111.574005
v 26.697952 6.911446 -111.582161
v 26.713228 6.928297 -111.587936
v 26.723246 6.949329 -111.590744
v 26.727022 6.972485 -111.590317
v 26.724192 6.995499 -111.586708
v 26.715027 7.016111 -111.580238
v 26.700426 7.032310 -111.571579
v 26.681822 7.042511 -111.561569
v 26.661030 7.045713 -111.551170
v 26.640091 7.041603 -111.541412
v 26.621050 7.030581 -111.533241
v 26.605774 7.013731 -111.527481
v 26.595757 6.992699 -111.524673
v 27.454638 6.782257 -109.755989
v 27.451620 6.805304 -109.752754
v 27.463966 6.761614 -109.762093
v 27.478699 6.745390 -109.770493
v 27.497389 6.735174 -109.780334
v 27.518208 6.731966 -109.790672
v 27.539118 6.736082 -109.800491
v 27.558075 6.747122 -109.808830
v 27.573219 6.763994 -109.814873
v 27.583071 6.785057 -109.818031
v 27.586664 6.808245 -109.817986
v 27.583649 6.831287 -109.814735
v 27.574320 6.851933 -109.808624
v 27.559587 6.868157 -109.800232
v 27.540897 6.878372 -109.790382
v 27.520079 6.881580 -109.780052
v 27.499166 6.877464 -109.770233
v 27.480211 6.866426 -109.761887
v 27.465067 6.849552 -109.755852
v 27.455215 6.828491 -109.752701
v 28.314472 6.673076 -107.980751
v 28.311262 6.696147 -107.977913
v 28.323978 6.652406 -107.986504
v 28.338848 6.636165 -107.994614
v 28.357630 6.625937 -108.004265
v 28.378479 6.622727 -108.014549
v 28.399359 6.626847 -108.024429
v 28.418226 6.637894 -108.032951
v 28.433231 6.654789 -108.039284
v 28.442907 6.675876 -108.042786
v 28.446306 6.699090 -108.043152
v 28.443094 6.722160 -108.040314
v 28.433590 6.742829 -108.034569
v 28.418718 6.759076 -108.026466
v 28.399939 6.769300 -108.016800
v 28.379089 6.772510 -108.006523
v 28.358208 6.768392 -107.996643
v 28.339342 6.757343 -107.988121
v 28.324337 6.740450 -107.981796
v 28.314661 6.719363 -107.978279
v 29.174191 6.585096 -106.204819
v 29.170904 6.608176 -106.202141
v 29.183764 6.564421 -106.210434
v 29.198689 6.548172 -106.218430
v 29.217503 6.537941 -106.228012
v 29.238363 6.534729 -106.238266
v 29.259233 6.538851 -106.248169
v 29.278065 6.549901 -106.256760
v 29.293016 6.566800 -106.263199
v 29.302624 6.587894 -106.266846
v 29.305946 6.611119 -106.267380
v 29.302662 6.634198 -106.264687
v 29.293087 6.654873 -106.259079
v 29.278164 6.671120 -106.251076
v 29.259350 6.681354 -106.241501
v 29.238485 6.684566 -106.231247
v 29.217619 6.680443 -106.221344
v 29.198788 6.669391 -106.212746
v 29.183834 6.652491 -106.206306
v 29.174227 6.631396 -106.202652
v 30.033819 6.505399 -104.428688
v 30.030544 6.528474 -104.425980
v 30.043381 6.484725 -104.434319
v 30.058296 6.468476 -104.442329
v 30.077105 6.458244 -104.451935
v 30.097965 6.455034 -104.462196
v 30.118835 6.459153 -104.472092
v 30.137672 6.470207 -104.480667
v 30.152634 6.487106 -104.487099
v 30.162252 6.508196 -104.490715
v 30.165588 6.531418 -104.491203
v 30.162315 6.554496 -104.488495
v 30.152752 6.575172 -104.482880
v 30.137836 6.591419 -104.474861
v 30.119028 6.601651 -104.465263
v 30.098167 6.604863 -104.455002
v 30.077297 6.600740 -104.445107
v 30.058460 6.589688 -104.436523
v 30.043501 6.572790 -104.430099
v 30.033880 6.551697 -104.426460
v 30.893278 6.412617 -102.653503
v 30.890186 6.435674 -102.650421
v 30.902678 6.391961 -102.659462
v 30.917463 6.375730 -102.667747
v 30.936188 6.365508 -102.677521
v 30.957020 6.362300 -102.687836
v 30.977919 6.366418 -102.697678
v 30.996840 6.377462 -102.706100
v 31.011929 6.394341 -102.712234
v 31.021711 6.415416 -102.715538
v 31.025230 6.438616 -102.715652
v 31.022139 6.461670 -102.712578
v 31.012739 6.482326 -102.706596
v 30.997953 6.498558 -102.698326
v 30.979227 6.508780 -102.688545
v 30.958397 6.511988 -102.678238
v 30.937498 6.507869 -102.668396
v 30.918577 6.496827 -102.659966
v 30.903486 6.479943 -102.653816
v 30.893703 6.458871 -102.650536
v 31.752659 6.261919 -100.881096
v 31.749828 6.284929 -100.877472
v 31.761822 6.241304 -100.887558
v 31.776419 6.225102 -100.896210
v 31.795025 6.214904 -100.906242
v 31.815813 6.211700 -100.916626
v 31.836754 6.215813 -100.926384
v 31.855795 6.226833 -100.934555
v 31.871073 6.243684 -100.940323
v 31.881092 6.264718 -100.943123
v 31.884871 6.287872 -100.942696
v 31.882042 6.310884 -100.939087
v 31.872877 6.331498 -100.932617
v 31.858280 6.347696 -100.923950
v 31.839676 6.357897 -100.913933
v 31.818886 6.361098 -100.903526
v 31.797943 6.356989 -100.893784
v 31.778902 6.345967 -100.885612
v 31.763626 6.329117 -100.879860
v 31.753607 6.308084 -100.877045
v 32.612034 6.066647 -99.110695
v 32.609470 6.089596 -99.106529
v 32.620956 6.046086 -99.117653
v 32.635368 6.029933 -99.126709
v 32.653851 6.019760 -99.136978
v 32.674599 6.016568 -99.147461
v 32.695580 6.020668 -99.157135
v 32.714745 6.031662 -99.165047
v 32.730209 6.048469 -99.170425
v 32.740467 6.069447 -99.172737
v 32.744511 6.092541 -99.171768
v 32.741947 6.115487 -99.167587
v 32.733025 6.136048 -99.160645
v 32.718616 6.152205 -99.151588
v 32.700130 6.162376 -99.141319
v 32.679382 6.165565 -99.130829
v 32.658401 6.161466 -99.121162
v 32.639240 6.150474 -99.113251
v 32.623772 6.133666 -99.107864
v 32.613514 6.112687 -99.105553
v 33.471695 5.811681 -97.342415
v 33.469109 5.834634 -97.338280
v 33.480637 5.791119 -97.349319
v 33.495060 5.774955 -97.358353
v 33.513554 5.764785 -97.368599
v 33.534306 5.761590 -97.379074
v 33.555283 5.765693 -97.388748
v 33.574436 5.776687 -97.396690
v 33.589890 5.793500 -97.402100
v 33.600128 5.814480 -97.404449
v 33.604153 5.837579 -97.403519
v 33.601566 5.860534 -97.399384
v 33.592625 5.881097 -97.392471
v 33.578201 5.897258 -97.383446
v 33.559711 5.907431 -97.373192
v 33.538960 5.910623 -97.362724
v 33.517979 5.906521 -97.353035
v 33.498829 5.895529 -97.345116
v 33.483376 5.878716 -97.339699
v 33.473133 5.857735 -97.337357
v 34.331654 5.624317 -95.570450
v 34.328751 5.647345 -95.566978
v 34.340881 5.603692 -95.576790
v 34.355530 5.587481 -95.585335
v 34.374168 5.577278 -95.595299
v 34.394970 5.574075 -95.605675
v 34.415897 5.578186 -95.615456
v 34.434906 5.589211 -95.623680
v 34.450134 5.606072 -95.629555
v 34.460087 5.627119 -95.632492
v 34.463795 5.650288 -95.632217
v 34.460896 5.673310 -95.628738
v 34.451668 5.693939 -95.622414
v 34.437016 5.710149 -95.613861
v 34.418381 5.720356 -95.603897
v 34.397579 5.723557 -95.593529
v 34.376648 5.719446 -95.583748
v 34.357639 5.708417 -95.575500
v 34.342415 5.691557 -95.569649
v 34.332458 5.670511 -95.566696
v 35.191505 5.493493 -93.796165
v 35.188393 5.516553 -93.793137
v 35.200924 5.472837 -93.802101
v 35.215725 5.456603 -93.810349
v 35.234459 5.446383 -93.820107
v 35.255295 5.443174 -93.830414
v 35.276192 5.447291 -93.840263
v 35.295101 5.458334 -93.848686
v 35.310177 5.475219 -93.854874
v 35.319939 5.496291 -93.858200
v 35.323437 5.519497 -93.858360
v 35.320324 5.542555 -93.855324
v 35.310905 5.563213 -93.849396
v 35.296104 5.579448 -93.841141
v 35.277370 5.589668 -93.831390
v 35.256535 5.592878 -93.821091
v 35.235641 5.588759 -93.811234
v 35.216728 5.577717 -93.802811
v 35.201653 5.560832 -93.796623
v 35.191891 5.539754 -93.793282
v 36.051208 5.388914 -92.021011
v 36.048035 5.411981 -92.018097
v 36.060684 5.368248 -92.026817
v 36.075527 5.352009 -92.034981
v 36.094292 5.341784 -92.044670
v 36.115135 5.338573 -92.054962
v 36.136024 5.342694 -92.064835
v 36.154903 5.353738 -92.073318
v 36.169937 5.370628 -92.079597
v 36.179646 5.391713 -92.083046
v 36.183079 5.414926 -92.083336
v 36.179901 5.437991 -92.080421
v 36.170429 5.458655 -92.074608
v 36.155582 5.474896 -92.066452
v 36.136822 5.485120 -92.056763
v 36.115974 5.488333 -92.046478
v 36.095089 5.484211 -92.036598
v 36.076206 5.473164 -92.028107
v 36.061176 5.456273 -92.021828
v 36.051468 5.435191 -92.018387
v 36.910786 5.282527 -90.246193
v 36.907677 5.305585 -90.243149
v 36.920200 5.261870 -90.252121
v 36.935001 5.245636 -90.260384
v 36.953735 5.235413 -90.270134
v 36.974567 5.232207 -90.280449
v 36.995464 5.236322 -90.290283
v 37.014378 5.247367 -90.298721
v 37.029453 5.264251 -90.304909
v 37.039219 5.285326 -90.308220
v 37.042721 5.308529 -90.308380
v 37.039608 5.331587 -90.305328
v 37.030193 5.352243 -90.299400
v 37.015396 5.368479 -90.291153
v 36.996662 5.378700 -90.281395
v 36.975826 5.381907 -90.271080
v 36.954929 5.377789 -90.261238
v 36.936020 5.366751 -90.252815
v 36.920940 5.349862 -90.246628
v 36.911175 5.328787 -90.243301
v 37.770275 5.152619 -88.472626
v 37.767319 5.175650 -88.469261
v 37.779552 5.131982 -88.478836
v 37.794239 5.115767 -88.487320
v 37.812904 5.105555 -88.497223
v 37.833714 5.102351 -88.507584
v 37.854633 5.106463 -88.517372
v 37.873615 5.117496 -88.525658
v 37.888805 5.134363 -88.531609
v 37.898708 5.155418 -88.534653
v 37.902363 5.178595 -88.534485
v 37.899403 5.201631 -88.531128
v 37.890125 5.222265 -88.524902
v 37.875439 5.238482 -88.516426
v 37.856773 5.248694 -88.506531
v 37.835964 5.251901 -88.496178
v 37.815044 5.247784 -88.486374
v 37.796062 5.236753 -88.478088
v 37.780872 5.219885 -88.472137
v 37.770969 5.198830 -88.469086
v 38.629723 4.986202 -86.700775
v 38.626961 5.009201 -86.697029
v 38.638824 4.965601 -86.707367
v 38.653374 4.949411 -86.716133
v 38.671947 4.939218 -86.726212
v 38.692726 4.936020 -86.736633
v 38.713676 4.940130 -86.746376
v 38.732750 4.951142 -86.754463
v 38.748074 4.967982 -86.760132
v 38.758156 4.989001 -86.762817
v 38.762001 5.012141 -86.762245
v 38.759239 5.035140 -86.758492
v 38.750137 5.055741 -86.751900
v 38.735588 5.071931 -86.743134
v 38.717014 5.082125 -86.733055
v 38.696236 5.085324 -86.722626
v 38.675285 5.081215 -86.712898
v 38.656212 5.070202 -86.704803
v 38.640884 5.053360 -86.699135
v 38.630806 5.032341 -86.696449
v 39.486591 4.780354 -84.937218
v 39.483696 4.803327 -84.933411
v 39.496098 4.759745 -84.943184
v 39.511284 4.743516 -84.950714
v 39.530663 4.733254 -84.959061
v 39.552338 4.729963 -84.967430
v 39.574184 4.733973 -84.974991
v 39.594070 4.744882 -84.981003
v 39.610046 4.761626 -84.984879
v 39.620548 4.782566 -84.986244
v 39.624546 4.805652 -84.984955
v 39.621651 4.828624 -84.981140
v 39.612144 4.849234 -84.975182
v 39.596962 4.865463 -84.967667
v 39.577583 4.875726 -84.959312
v 39.555908 4.879012 -84.950935
v 39.534058 4.875007 -84.943390
v 39.514172 4.864096 -84.937370
v 39.498196 4.847351 -84.933487
v 39.487698 4.826413 -84.932137
v 39.942963 4.558978 -83.132172
v 39.939846 4.581939 -83.128487
v 39.952896 4.538342 -83.137283
v 39.968670 4.522059 -83.143349
v 39.988739 4.511715 -83.149727
v 40.011143 4.508325 -83.155823
v 40.033688 4.512224 -83.161034
v 40.054169 4.523028 -83.164848
v 40.070572 4.539677 -83.166885
v 40.081303 4.560549 -83.166985
v 40.085304 4.583591 -83.165070
v 40.082188 4.606553 -83.161377
v 40.072254 4.627188 -83.156265
v 40.056480 4.643470 -83.150208
v 40.036411 4.653816 -83.143829
v 40.014004 4.657204 -83.137733
v 39.991459 4.653305 -83.132515
v 39.970982 4.642499 -83.128700
v 39.954575 4.625851 -83.126656
v 39.943848 4.604981 -83.126579
v 40.401402 4.322753 -81.320473
v 40.398296 4.345707 -81.316719
v 40.411320 4.302125 -81.325645
v 40.427082 4.285847 -81.331741
v 40.447147 4.275506 -81.338150
v 40.469551 4.272118 -81.344246
v 40.492096 4.276015 -81.349449
v 40.512581 4.286816 -81.353241
v 40.528999 4.303462 -81.355247
v 40.539742 4.324324 -81.355286
v 40.543758 4.347359 -81.353310
v 40.540653 4.370313 -81.349564
v 40.530735 4.390942 -81.344398
v 40.514973 4.407222 -81.338310
v 40.494907 4.417562 -81.331894
v 40.472504 4.420947 -81.325790
v 40.449959 4.417052 -81.320587
v 40.429474 4.406250 -81.316795
v 40.413055 4.389606 -81.314796
v 40.402313 4.368744 -81.314766
v 40.859898 4.091272 -79.508331
v 40.856750 4.114249 -79.504761
v 40.869850 4.070629 -79.513359
v 40.885643 4.054333 -79.519341
v 40.905727 4.043982 -79.525673
v 40.928139 4.040591 -79.531754
v 40.950676 4.044491 -79.536972
v 40.971142 4.055302 -79.540840
v 40.987530 4.071963 -79.542961
v 40.998234 4.092843 -79.543129
v 41.002209 4.115901 -79.541351
v 40.999065 4.138875 -79.537758
v 40.989109 4.159520 -79.532738
v 40.973316 4.175816 -79.526764
v 40.953232 4.186164 -79.520432
v 40.930824 4.189556 -79.514351
v 40.908283 4.185655 -79.509109
v 40.887817 4.174846 -79.505249
v 40.871429 4.158184 -79.503128
v 40.860725 4.137303 -79.502960
v 41.318436 3.882616 -77.694992
v 41.315205 3.905630 -77.691757
v 41.328468 3.861936 -77.699722
v 41.344322 3.845614 -77.705444
v 41.364445 3.835248 -77.711632
v 41.386868 3.831849 -77.717659
v 41.409393 3.835757 -77.722939
v 41.429817 3.846584 -77.726959
v 41.446144 3.863271 -77.729324
v 41.456776 3.884187 -77.729797
v 41.460663 3.907281 -77.728348
v 41.457432 3.930296 -77.725098
v 41.447399 3.950975 -77.720383
v 41.431545 3.967299 -77.714645
v 41.411423 3.977665 -77.708466
v 41.389000 3.981060 -77.702446
v 41.366474 3.977156 -77.697159
v 41.346046 3.966328 -77.693138
v 41.329723 3.949639 -77.690765
v 41.319096 3.928725 -77.690292
v 41.776993 3.707991 -75.880043
v 41.773659 3.731044 -75.877213
v 41.787121 3.687274 -75.884384
v 41.803051 3.670925 -75.889824
v 41.823223 3.660538 -75.895805
v 41.845661 3.657136 -75.901772
v 41.868172 3.661049 -75.907112
v 41.888550 3.671894 -75.911324
v 41.904800 3.688609 -75.913994
v 41.915333 3.709562 -75.914856
v 41.919117 3.732696 -75.913803
v 41.915779 3.755753 -75.910980
v 41.905651 3.776467 -75.906639
v 41.889725 3.792819 -75.901207
v 41.869553 3.803203 -75.895218
v 41.847111 3.806605 -75.889252
v 41.824600 3.802691 -75.883904
v 41.804222 3.791848 -75.879692
v 41.787975 3.775131 -75.877029
v 41.777439 3.754179 -75.876175
v 42.235546 3.569703 -74.063469
v 42.232109 3.592790 -74.061043
v 42.245766 3.548962 -74.067451
v 42.261768 3.532587 -74.072594
v 42.281986 3.522187 -74.078392
v 42.304443 3.518781 -74.084297
v 42.326939 3.522697 -74.089691
v 42.347267 3.533557 -74.094101
v 42.363445 3.550297 -74.097054
v 42.373886 3.571275 -74.098267
v 42.377567 3.594440 -74.097633
v 42.374130 3.617525 -74.095207
v 42.363911 3.638271 -74.091232
v 42.347912 3.654640 -74.086082
v 42.327690 3.665043 -74.080276
v 42.305237 3.668449 -74.074379
v 42.282742 3.664533 -74.068970
v 42.262413 3.653671 -74.064575
v 42.246235 3.636934 -74.061630
v 42.235794 3.615955 -74.060410
v 42.694077 3.462465 -72.245590
v 42.690563 3.485567 -72.243469
v 42.704369 3.441703 -72.249290
v 42.720425 3.425314 -72.254204
v 42.740681 3.414907 -72.259865
v 42.763149 3.411498 -72.265724
v 42.785629 3.415416 -72.271172
v 42.805923 3.426286 -72.275711
v 42.822048 3.443038 -72.278885
v 42.832417 3.464035 -72.280388
v 42.836021 3.487218 -72.280060
v 42.832508 3.510323 -72.277939
v 42.822216 3.531082 -72.274239
v 42.806160 3.547469 -72.269318
v 42.785904 3.557878 -72.263657
v 42.763435 3.561288 -72.257805
v 42.740955 3.557367 -72.252350
v 42.720661 3.546498 -72.247803
v 42.704536 3.529746 -72.244629
v 42.694168 3.508753 -72.243141
v 43.152573 3.375910 -70.426903
v 43.149017 3.399022 -70.424950
v 43.162903 3.355143 -70.430450
v 43.178989 3.338750 -70.435257
v 43.199265 3.328338 -70.440834
v 43.221741 3.324925 -70.446663
v 43.244213 3.328847 -70.452141
v 43.264488 3.339721 -70.456772
v 43.280582 3.356478 -70.460060
v 43.290913 3.377480 -70.461700
v 43.294476 3.400672 -70.461540
v 43.290916 3.423784 -70.459602
v 43.280590 3.444555 -70.456055
v 43.264500 3.460947 -70.451256
v 43.244228 3.471358 -70.445663
v 43.221752 3.474771 -70.439842
v 43.199276 3.470848 -70.434357
v 43.179001 3.459977 -70.429741
v 43.162910 3.443219 -70.426460
v 43.152576 3.422214 -70.424797
v 43.611038 3.296952 -68.608017
v 43.607468 3.320065 -68.606102
v 43.621376 3.276182 -68.611511
v 43.637474 3.259788 -68.616287
v 43.657753 3.249374 -68.621841
v 43.680229 3.245962 -68.627663
v 43.702702 3.249887 -68.633163
v 43.722973 3.260757 -68.637794
v 43.739056 3.277517 -68.641121
v 43.749378 3.298521 -68.642807
v 43.752930 3.321719 -68.642700
v 43.749359 3.344831 -68.640793
v 43.739021 3.365601 -68.637276
v 43.722923 3.381995 -68.632515
v 43.702644 3.392409 -68.626953
v 43.680168 3.395822 -68.621147
v 43.657696 3.391898 -68.615639
v 43.637424 3.381024 -68.611000
v 43.621342 3.364265 -68.607681
v 43.611019 3.343262 -68.606003
vn -0.0610 -0.2046 0.9769
vn -0.0733 -0.4926 0.8672
vn -0.0787 -0.7355 0.6729
vn -0.0763 -0.9090 0.4097
vn -0.0659 -0.9925 0.1034
vn -0.0486 -0.9756 -0.2142
vn -0.0260 -0.8606 -0.5087
vn -0.0010 -0.6614 -0.7501
vn 0.0240 -0.4001 -0.9161
vn 0.0465 -0.1020 -0.9937
vn 0.0643 0.2039 -0.9769
vn 0.0759 0.4926 -0.8669
vn 0.0803 0.7358 -0.6724
vn 0.0769 0.9090 -0.4097
vn 0.0660 0.9924 -0.1035
vn 0.0487 0.9756 0.2140
vn 0.0269 0.8603 0.5091
vn 0.0028 0.6607 0.7506
vn -0.0212 0.4003 0.9162
vn -0.0431 0.1022 0.9938
vn -0.6958 -0.1709 0.6976
vn -0.6412 -0.4522 0.6199
vn -0.5246 -0.7022 0.4814
vn -0.3515 -0.8904 0.2891
vn -0.1363 -0.9889 0.0597
vn 0.0956 -0.9791 -0.1797
vn 0.3125 -0.8634 -0.3961
vn 0.4901 -0.6632 -0.5656
vn 0.6147 -0.4075 -0.6754
vn 0.6814 -0.1217 -0.7218
vn 0.6885 0.1711 -0.7048
vn 0.6353 0.4531 -0.6253
vn 0.5211 0.7027 -0.4844
vn 0.3503 0.8905 -0.2903
vn 0.1361 0.9889 -0.0596
vn -0.0961 0.9791 0.1794
vn -0.3149 0.8633 0.3943
vn -0.4951 0.6629 0.5617
vn -0.6214 0.4076 0.6692
vn -0.6889 0.1234 0.7143
vn -0.8907 -0.1740 0.4200
vn -0.8923 -0.1714 0.4177
vn -0.8066 -0.4686 0.3602
vn -0.6438 -0.7177 0.2654
vn -0.4174 -0.8972 0.1442
vn -0.1497 -0.9887 0.0087
vn 0.1329 -0.9829 -0.1278
vn 0.4021 -0.8803 -0.2517
vn 0.6316 -0.6915 -0.3507
vn 0.7985 -0.4358 -0.4153
vn 0.8878 -0.1374 -0.4392
vn 0.8865 -0.1368 -0.4421
vn 0.8905 0.1741 -0.4204
vn 0.8917 0.1778 -0.4163
vn 0.8067 0.4681 -0.3607
vn 0.6434 0.7180 -0.2655
vn 0.4173 0.8972 -0.1443
vn 0.1498 0.9887 -0.0087
vn -0.1329 0.9828 0.1279
vn -0.4021 0.8804 0.2515
vn -0.6315 0.6917 0.3504
vn -0.7990 0.4354 0.4149
vn -0.8880 0.1377 0.4388
vn -0.8871 0.1337 0.4419
vn -0.8931 -0.1745 0.4147
vn -0.8931 -0.1746 0.4147
vn -0.8140 -0.4691 0.3424
vn -0.8125 -0.4710 0.3435
vn -0.6552 -0.7172 0.2373
vn -0.6537 -0.7176 0.2402
vn -0.4320 -0.8953 0.1090
vn -0.4303 -0.8957 0.1126
vn -0.1667 -0.9856 -0.0299
vn -0.1648 -0.9860 -0.0259
vn 0.1150 -0.9794 -0.1660
vn 0.1169 -0.9798 -0.1620
vn 0.3853 -0.8774 -0.2857
vn 0.3871 -0.8778 -0.2822
vn 0.6180 -0.6896 -0.3776
vn 0.6177 -0.6920 -0.3738
vn 0.6177 -0.6920 -0.3737
vn 0.7901 -0.4344 -0.4324
vn 0.7918 -0.4327 -0.4310
vn 0.7918 -0.4328 -0.4310
vn 0.8854 -0.1362 -0.4444
vn 0.8930 0.1756 -0.4145
vn 0.8929 0.1757 -0.4145
vn 0.8142 0.4689 -0.3425
vn 0.8125 0.4708 -0.3437
vn 0.8125 0.4709 -0.3437
vn 0.6550 0.7174 -0.2372
vn 0.6537 0.7176 -0.2402
vn 0.4320 0.8953 -0.1090
vn 0.4303 0.8957 -0.1126
vn 0.1667 0.9856 0.0299
vn 0.1648 0.9860 0.0259
vn -0.1149 0.9794 0.1660
vn -0.1169 0.9798 0.1620
vn -0.3852 0.8775 0.2857
vn -0.3870 0.8779 0.2821
vn -0.6182 0.6894 0.3777
vn -0.6195 0.6897 0.3748
vn -0.7901 0.4343 0.4325
vn -0.7911 0.4345 0.4306
vn -0.8854 0.1360 0.4444
vn -0.8854 0.1359 0.4444
vn -0.8932 -0.1743 0.4145
vn -0.8126 -0.4715 0.3426
vn -0.6542 -0.7176 0.2389
vn -0.4311 -0.8954 0.1111
vn -0.1657 -0.9858 -0.0276
vn 0.1160 -0.9797 -0.1637
vn 0.3864 -0.8776 -0.2837
vn 0.6166 -0.6928 -0.3739
vn 0.6166 -0.6928 -0.3740
vn 0.7907 -0.4344 -0.4314
vn 0.8853 -0.1363 -0.4447
vn 0.8933 0.1741 -0.4144
vn 0.8125 0.4716 -0.3427
vn 0.6544 0.7174 -0.2390
vn 0.4311 0.8954 -0.1111
vn 0.1657 0.9858 0.0276
vn -0.1161 0.9797 0.1637
vn -0.3863 0.8777 0.2837
vn -0.6222 0.6866 0.3760
vn -0.6222 0.6866 0.3761
vn -0.7908 0.4343 0.4314
vn -0.8853 0.1355 0.4449
vn -0.8853 0.1354 0.4449
vn -0.8941 -0.1741 0.4126
vn -0.8163 -0.4683 0.3381
vn -0.6585 -0.7165 0.2304
vn -0.4363 -0.8942 0.1003
vn -0.1714 -0.9844 -0.0396
vn 0.1102 -0.9783 -0.1756
vn 0.3811 -0.8764 -0.2945
vn 0.6147 -0.6887 -0.3846
vn 0.7867 -0.4364 -0.4367
vn 0.8845 -0.1350 -0.4466
vn 0.8941 0.1739 -0.4126
vn 0.8942 0.1739 -0.4126
vn 0.8152 0.4711 -0.3369
vn 0.8152 0.4711 -0.3370
vn 0.6585 0.7165 -0.2304
vn 0.4308 0.8969 -0.0996
vn 0.4308 0.8969 -0.0997
vn 0.1715 0.9844 0.0395
vn -0.1103 0.9782 0.1757
vn -0.3811 0.8764 0.2945
vn -0.6146 0.6887 0.3845
vn -0.7890 0.4307 0.4380
vn -0.8843 0.1362 0.4466
vn -0.8950 -0.1746 0.4104
vn -0.8208 -0.4649 0.3319
vn -0.8208 -0.4648 0.3319
vn -0.6598 -0.7187 0.2194
vn -0.6598 -0.7188 0.2192
vn -0.4473 -0.8897 0.0913
vn -0.4471 -0.8898 0.0917
vn -0.1744 -0.9836 -0.0459
vn 0.1072 -0.9775 -0.1819
vn 0.3755 -0.8748 -0.3062
vn 0.6142 -0.6839 -0.3937
vn 0.6142 -0.6840 -0.3937
vn 0.7839 -0.4358 -0.4423
vn 0.7839 -0.4357 -0.4424
vn 0.8835 -0.1347 -0.4486
vn 0.8949 0.1755 -0.4104
vn 0.8191 0.4678 -0.3320
vn 0.6630 0.7152 -0.2212
vn 0.4420 0.8926 -0.0886
vn 0.1746 0.9836 0.0458
vn -0.1073 0.9774 0.1819
vn -0.3755 0.8748 0.3062
vn -0.6102 0.6875 0.3938
vn -0.7852 0.4328 0.4429
vn -0.8831 0.1370 0.4487
vn -0.8961 -0.1750 0.4078
vn -0.8962 -0.1750 0.4078
vn -0.8234 -0.4640 0.3266
vn -0.6644 -0.7174 0.2094
vn -0.6645 -0.7174 0.2094
vn -0.4539 -0.8876 0.0783
vn -0.4538 -0.8876 0.0784
vn -0.1810 -0.9817 -0.0592
vn 0.1006 -0.9756 -0.1953
vn 0.3695 -0.8730 -0.3185
vn 0.6053 -0.6861 -0.4035
vn 0.7808 -0.4349 -0.4486
vn 0.8823 -0.1354 -0.4507
vn 0.8960 0.1753 -0.4080
vn 0.8960 0.1752 -0.4081
vn 0.8235 0.4638 -0.3266
vn 0.8236 0.4638 -0.3265
vn 0.6645 0.7174 -0.2092
vn 0.6644 0.7174 -0.2093
vn 0.4479 0.8908 -0.0763
vn 0.1810 0.9817 0.0592
vn -0.1007 0.9756 0.1953
vn -0.3695 0.8729 0.3185
vn -0.6023 0.6900 0.4013
vn -0.6024 0.6900 0.4013
vn -0.7822 0.4318 0.4491
vn -0.8821 0.1366 0.4508
vn -0.8821 0.1365 0.4508
vn -0.8972 -0.1745 0.4057
vn -0.8972 -0.1745 0.4056
vn -0.8261 -0.4631 0.3209
vn -0.8261 -0.4632 0.3210
vn -0.6690 -0.7158 0.2000
vn -0.4541 -0.8886 0.0640
vn -0.1876 -0.9795 -0.0731
vn 0.0939 -0.9734 -0.2091
vn 0.3635 -0.8709 -0.3309
vn 0.6005 -0.6845 -0.4134
vn 0.7774 -0.4337 -0.4555
vn 0.7774 -0.4337 -0.4556
vn 0.8813 -0.1351 -0.4529
vn 0.8970 0.1750 -0.4059
vn 0.8252 0.4658 -0.3194
vn 0.6726 0.7121 -0.2016
vn 0.4540 0.8887 -0.0639
vn 0.1877 0.9795 0.0731
vn -0.0940 0.9734 0.2091
vn -0.3635 0.8708 0.3309
vn -0.5968 0.6883 0.4124
vn -0.5968 0.6883 0.4125
vn -0.7807 0.4278 0.4556
vn -0.8811 0.1361 0.4529
vn -0.8982 -0.1734 0.4040
vn -0.8291 -0.4621 0.3147
vn -0.6772 -0.7102 0.1921
vn -0.6772 -0.7102 0.1922
vn -0.4549 -0.8892 0.0492
vn -0.4549 -0.8892 0.0490
vn -0.1943 -0.9771 -0.0868
vn 0.0873 -0.9709 -0.2228
vn 0.3529 -0.8717 -0.3398
vn 0.3528 -0.8717 -0.3401
vn 0.5992 -0.6790 -0.4241
vn 0.5993 -0.6791 -0.4239
vn 0.7762 -0.4295 -0.4616
vn 0.8801 -0.1360 -0.4549
vn 0.8801 -0.1359 -0.4549
vn 0.8982 0.1735 -0.4040
vn 0.8271 0.4673 -0.3122
vn 0.6771 0.7104 -0.1920
vn 0.4599 0.8865 -0.0520
vn 0.1944 0.9771 0.0868
vn -0.0874 0.9709 0.2228
vn -0.3577 0.8686 0.3429
vn -0.5960 0.6826 0.4229
vn -0.7775 0.4269 0.4617
vn -0.7775 0.4269 0.4618
vn -0.8802 0.1358 0.4548
vn -0.8802 0.1359 0.4548
vn -0.8991 -0.1730 0.4021
vn -0.8319 -0.4611 0.3086
vn -0.6813 -0.7086 0.1836
vn -0.4651 -0.8843 0.0412
vn -0.2006 -0.9746 -0.0995
vn -0.2033 -0.9735 -0.1051
vn 0.0811 -0.9684 -0.2356
vn 0.0784 -0.9673 -0.2412
vn 0.3525 -0.8664 -0.3536
vn 0.5945 -0.6778 -0.4326
vn 0.5946 -0.6778 -0.4325
vn 0.7735 -0.4285 -0.4671
vn 0.8793 -0.1344 -0.4569
vn 0.8992 0.1721 -0.4022
vn 0.8992 0.1722 -0.4022
vn 0.8300 0.4658 -0.3067
vn 0.8300 0.4658 -0.3068
vn 0.6812 0.7087 -0.1835
vn 0.4651 0.8843 -0.0413
vn 0.2006 0.9746 0.0996
vn 0.2033 0.9735 0.1051
vn -0.0811 0.9685 0.2356
vn -0.0784 0.9673 0.2411
vn -0.3524 0.8665 0.3536
vn -0.5892 0.6841 0.4299
vn -0.5893 0.6841 0.4298
vn -0.7735 0.4285 0.4670
vn -0.8795 0.1335 0.4567
vn -0.8999 -0.1727 0.4006
vn -0.8331 -0.4626 0.3034
vn -0.6847 -0.7071 0.1765
vn -0.4694 -0.8824 0.0324
vn -0.2081 -0.9713 -0.1149
vn 0.0736 -0.9652 -0.2509
vn 0.3481 -0.8646 -0.3624
vn 0.5884 -0.6794 -0.4384
vn 0.7713 -0.4275 -0.4715
vn 0.8785 -0.1341 -0.4585
vn 0.8999 0.1728 -0.4005
vn 0.8338 0.4607 -0.3042
vn 0.6847 0.7071 -0.1765
vn 0.4694 0.8824 -0.0325
vn 0.4694 0.8824 -0.0324
vn 0.2081 0.9713 0.1149
vn -0.0736 0.9652 0.2509
vn -0.3481 0.8646 0.3624
vn -0.5884 0.6794 0.4384
vn -0.7703 0.4292 0.4716
vn -0.8786 0.1337 0.4584
vn -0.8786 0.1336 0.4584
vn -0.9004 -0.1722 0.3995
vn -0.8340 -0.4631 0.3000
vn -0.8340 -0.4630 0.3000
vn -0.6870 -0.7061 0.1715
vn -0.4723 -0.8810 0.0261
vn -0.2114 -0.9698 -0.1218
vn 0.0701 -0.9637 -0.2578
vn 0.3449 -0.8632 -0.3686
vn 0.5859 -0.6783 -0.4434
vn 0.7697 -0.4270 -0.4747
vn 0.8780 -0.1341 -0.4595
vn 0.8780 -0.1343 -0.4595
vn 0.9003 0.1731 -0.3993
vn 0.9003 0.1730 -0.3993
vn 0.8350 0.4608 -0.3008
vn 0.6871 0.7060 -0.1716
vn 0.4702 0.8822 -0.0247
vn 0.2114 0.9698 0.1219
vn -0.0702 0.9636 0.2579
vn -0.3448 0.8632 0.3686
vn -0.5872 0.6768 0.4440
vn -0.7691 0.4279 0.4747
vn -0.7692 0.4279 0.4747
vn -0.8781 0.1335 0.4595
vn -0.9006 -0.1723 0.3990
vn -0.8351 -0.4617 0.2989
vn -0.6879 -0.7058 0.1695
vn -0.4734 -0.8805 0.0237
vn -0.2126 -0.9692 -0.1245
vn 0.0688 -0.9631 -0.2604
vn 0.3437 -0.8627 -0.3710
vn 0.5849 -0.6780 -0.4452
vn 0.7690 -0.4268 -0.4759
vn 0.8778 -0.1337 -0.4600
vn 0.9006 0.1725 -0.3990
vn 0.8352 0.4615 -0.2990
vn 0.6880 0.7056 -0.1696
vn 0.4731 0.8807 -0.0233
vn 0.2127 0.9691 0.1246
vn -0.0689 0.9630 0.2605
vn -0.3435 0.8627 0.3710
vn -0.5848 0.6781 0.4452
vn -0.7691 0.4266 0.4760
vn -0.8777 0.1340 0.4601
vn -0.9077 -0.1683 0.3844
vn -0.8556 -0.4495 0.2566
vn -0.7198 -0.6864 0.1038
vn -0.5135 -0.8560 -0.0591
vn -0.2574 -0.9419 -0.2161
vn 0.0240 -0.9357 -0.3520
vn 0.3030 -0.8382 -0.4535
vn 0.5523 -0.6589 -0.5107
vn 0.7481 -0.4148 -0.5179
vn 0.8707 -0.1294 -0.4745
vn 0.9077 0.1686 -0.3843
vn 0.8556 0.4494 -0.2567
vn 0.7197 0.6864 -0.1037
vn 0.5136 0.8560 0.0591
vn 0.2573 0.9419 0.2161
vn -0.0238 0.9357 0.3520
vn -0.3029 0.8382 0.4535
vn -0.5526 0.6586 0.5108
vn -0.7482 0.4146 0.5180
vn -0.8706 0.1296 0.4745
vn -0.9001 -0.1728 0.4000
vn -0.8998 -0.1723 0.4008
vn -0.8336 -0.4625 0.3020
vn -0.8327 -0.4628 0.3041
vn -0.6855 -0.7069 0.1744
vn -0.6841 -0.7075 0.1775
vn -0.4703 -0.8820 0.0297
vn -0.4686 -0.8828 0.0336
vn -0.2094 -0.9707 -0.1177
vn -0.2073 -0.9717 -0.1135
vn 0.0722 -0.9646 -0.2537
vn 0.0743 -0.9655 -0.2495
vn 0.3465 -0.8642 -0.3648
vn 0.3485 -0.8650 -0.3610
vn 0.5872 -0.6792 -0.4403
vn 0.5888 -0.6798 -0.4373
vn 0.7704 -0.4277 -0.4728
vn 0.7715 -0.4279 -0.4708
vn 0.8785 -0.1335 -0.4588
vn 0.8788 -0.1331 -0.4582
vn 0.8788 -0.1332 -0.4582
vn 0.9001 0.1729 -0.4000
vn 0.8998 0.1721 -0.4008
vn 0.8998 0.1723 -0.4008
vn 0.8336 0.4624 -0.3021
vn 0.8327 0.4628 -0.3040
vn 0.6854 0.7069 -0.1744
vn 0.6841 0.7075 -0.1775
vn 0.4702 0.8821 -0.0298
vn 0.4685 0.8828 -0.0337
vn 0.2093 0.9708 0.1176
vn 0.2073 0.9717 0.1134
vn -0.0721 0.9646 0.2535
vn -0.0742 0.9656 0.2494
vn -0.3466 0.8642 0.3647
vn -0.3486 0.8650 0.3610
vn -0.5873 0.6792 0.4403
vn -0.5889 0.6797 0.4373
vn -0.7704 0.4277 0.4727
vn -0.7715 0.4280 0.4708
vn -0.8783 0.1338 0.4589
vn -0.8787 0.1340 0.4582
vn -0.8992 -0.1722 0.4023
vn -0.8991 -0.1723 0.4023
vn -0.8295 -0.4661 0.3076
vn -0.6808 -0.7089 0.1846
vn -0.4644 -0.8846 0.0426
vn -0.2026 -0.9738 -0.1036
vn 0.0791 -0.9676 -0.2396
vn 0.3530 -0.8668 -0.3522
vn 0.5924 -0.6811 -0.4303
vn 0.7738 -0.4288 -0.4663
vn 0.8795 -0.1343 -0.4566
vn 0.8990 0.1732 -0.4023
vn 0.8305 0.4636 -0.3086
vn 0.6808 0.7088 -0.1847
vn 0.4644 0.8846 -0.0426
vn 0.2025 0.9738 0.1036
vn -0.0791 0.9676 0.2396
vn -0.3530 0.8668 0.3522
vn -0.5924 0.6810 0.4304
vn -0.7738 0.4287 0.4663
vn -0.8796 0.1333 0.4567
vn -0.8980 -0.1736 0.4043
vn -0.8263 -0.4678 0.3135
vn -0.8264 -0.4678 0.3136
vn -0.6764 -0.7106 0.1934
vn -0.4590 -0.8868 0.0538
vn -0.1999 -0.9749 -0.0979
vn 0.0819 -0.9688 -0.2340
vn 0.3584 -0.8690 -0.3411
vn 0.5967 -0.6828 -0.4215
vn 0.7778 -0.4267 -0.4614
vn 0.7778 -0.4268 -0.4614
vn 0.8803 -0.1358 -0.4546
vn 0.8803 -0.1359 -0.4546
vn 0.8980 0.1735 -0.4043
vn 0.8261 0.4679 -0.3142
vn 0.6766 0.7105 -0.1935
vn 0.4589 0.8868 -0.0537
vn 0.1998 0.9749 0.0979
vn -0.0819 0.9688 0.2340
vn -0.3584 0.8690 0.3410
vn -0.5967 0.6828 0.4215
vn -0.7753 0.4330 0.4598
vn -0.8806 0.1336 0.4546
vn -0.8969 -0.1739 0.4065
vn -0.8246 -0.4659 0.3208
vn -0.6715 -0.7125 0.2036
vn -0.4560 -0.8879 0.0598
vn -0.1933 -0.9775 -0.0845
vn 0.0885 -0.9713 -0.2206
vn 0.3614 -0.8701 -0.3350
vn 0.6017 -0.6847 -0.4113
vn 0.7817 -0.4277 -0.4539
vn 0.8813 -0.1364 -0.4525
vn 0.8969 0.1739 -0.4065
vn 0.8232 0.4693 -0.3196
vn 0.6716 0.7124 -0.2036
vn 0.4560 0.8880 -0.0598
vn 0.1933 0.9775 0.0845
vn -0.0884 0.9714 0.2206
vn -0.3614 0.8702 0.3350
vn -0.6017 0.6847 0.4114
vn -0.7797 0.4310 0.4541
vn -0.8815 0.1351 0.4525
vn -0.8957 -0.1756 0.4085
vn -0.8957 -0.1755 0.4086
vn -0.8212 -0.4671 0.3278
vn -0.6662 -0.7142 0.2147
vn -0.4494 -0.8903 0.0733
vn -0.1861 -0.9801 -0.0695
vn 0.0957 -0.9739 -0.2057
vn 0.3680 -0.8725 -0.3215
vn 0.6070 -0.6865 -0.4003
vn 0.7832 -0.4322 -0.4471
vn 0.8827 -0.1342 -0.4503
vn 0.8827 -0.1342 -0.4504
vn 0.8958 0.1730 -0.4093
vn 0.8212 0.4671 -0.3279
vn 0.6662 0.7142 -0.2146
vn 0.4494 0.8903 -0.0733
vn 0.1859 0.9801 0.0696
vn -0.0956 0.9740 0.2056
vn -0.3680 0.8725 0.3215
vn -0.6070 0.6865 0.4004
vn -0.7847 0.4286 0.4479
vn -0.8824 0.1368 0.4501
vn -0.8945 -0.1746 0.4115
vn -0.8176 -0.4682 0.3352
vn -0.6606 -0.7159 0.2261
vn -0.4425 -0.8925 0.0876
vn -0.1783 -0.9825 -0.0537
vn 0.1034 -0.9764 -0.1898
vn 0.3749 -0.8746 -0.3073
vn 0.6126 -0.6881 -0.3889
vn 0.7867 -0.4333 -0.4397
vn 0.8839 -0.1359 -0.4475
vn 0.8946 0.1732 -0.4118
vn 0.8946 0.1733 -0.4118
vn 0.8176 0.4682 -0.3352
vn 0.6606 0.7159 -0.2261
vn 0.4425 0.8925 -0.0876
vn 0.1783 0.9825 0.0538
vn -0.1033 0.9764 0.1897
vn -0.3749 0.8747 0.3072
vn -0.6126 0.6881 0.3889
vn -0.7868 0.4332 0.4397
vn -0.8839 0.1358 0.4475
vn -0.8933 -0.1737 0.4145
vn -0.8140 -0.4691 0.3425
vn -0.6551 -0.7173 0.2375
vn -0.4355 -0.8944 0.1021
vn -0.1704 -0.9846 -0.0377
vn 0.1112 -0.9785 -0.1737
vn 0.3820 -0.8766 -0.2927
vn 0.6181 -0.6895 -0.3775
vn 0.7903 -0.4341 -0.4324
vn 0.8851 -0.1362 -0.4450
vn 0.8933 0.1749 -0.4140
vn 0.8140 0.4692 -0.3425
vn 0.6551 0.7172 -0.2375
vn 0.4355 0.8944 -0.1021
vn 0.1705 0.9846 0.0377
vn -0.1112 0.9785 0.1737
vn -0.3820 0.8766 0.2927
vn -0.6181 0.6895 0.3775
vn -0.7904 0.4340 0.4324
vn -0.8852 0.1350 0.4451
vn -0.8924 -0.1752 0.4158
vn -0.8114 -0.4697 0.3479
vn -0.6510 -0.7182 0.2458
vn -0.4285 -0.8960 0.1164
vn -0.4269 -0.8963 0.1198
vn -0.1628 -0.9864 -0.0218
vn -0.1610 -0.9868 -0.0181
vn 0.1189 -0.9803 -0.1578
vn 0.1207 -0.9807 -0.1541
vn 0.3889 -0.8782 -0.2785
vn 0.3905 -0.8785 -0.2751
vn 0.6222 -0.6904 -0.3691
vn 0.7929 -0.4347 -0.4270
vn 0.8859 -0.1368 -0.4432
vn 0.8924 0.1751 -0.4159
vn 0.8119 0.4682 -0.3486
vn 0.6510 0.7181 -0.2459
vn 0.4286 0.8960 -0.1164
vn 0.4269 0.8963 -0.1198
vn 0.1627 0.9864 0.0218
vn 0.1610 0.9868 0.0181
vn -0.1189 0.9803 0.1579
vn -0.1207 0.9806 0.1541
vn -0.3889 0.8782 0.2784
vn -0.3906 0.8785 0.2751
vn -0.6222 0.6904 0.3691
vn -0.7930 0.4346 0.4270
vn -0.8860 0.1366 0.4432
vn -0.8912 -0.1754 0.4184
vn -0.8079 -0.4702 0.3553
vn -0.6497 -0.7184 0.2485
vn -0.4252 -0.8967 0.1232
vn -0.1591 -0.9872 -0.0143
vn 0.1226 -0.9810 -0.1503
vn 0.3921 -0.8789 -0.2717
vn 0.6235 -0.6906 -0.3664
vn 0.7947 -0.4409 -0.4172
vn 0.7946 -0.4409 -0.4173
vn 0.8873 -0.1366 -0.4405
vn 0.8911 0.1755 -0.4184
vn 0.8079 0.4702 -0.3553
vn 0.6497 0.7184 -0.2486
vn 0.4252 0.8967 -0.1232
vn 0.1592 0.9871 0.0143
vn -0.1226 0.9810 0.1504
vn -0.3922 0.8789 0.2717
vn -0.6235 0.6907 0.3664
vn -0.7965 0.4353 0.4196
vn -0.8872 0.1366 0.4406
vn -0.8898 -0.1756 0.4212
vn -0.8029 -0.4728 0.3629
vn -0.6411 -0.7198 0.2662
vn -0.6394 -0.7200 0.2697
vn -0.4144 -0.8984 0.1455
vn -0.4123 -0.8986 0.1498
vn -0.1472 -0.9891 0.0105
vn -0.1449 -0.9893 0.0152
vn 0.1345 -0.9829 -0.1256
vn 0.1368 -0.9832 -0.1208
vn 0.4030 -0.8806 -0.2494
vn 0.4051 -0.8808 -0.2451
vn 0.6321 -0.6920 -0.3487
vn 0.6337 -0.6922 -0.3453
vn 0.7993 -0.4379 -0.4116
vn 0.8886 -0.1361 -0.4381
vn 0.8886 -0.1362 -0.4380
vn 0.8898 0.1757 -0.4211
vn 0.8041 0.4707 -0.3632
vn 0.6411 0.7197 -0.2663
vn 0.6395 0.7200 -0.2697
vn 0.4143 0.8985 -0.1454
vn 0.4122 0.8987 -0.1497
vn 0.1472 0.9891 -0.0105
vn 0.1449 0.9893 -0.0152
vn -0.1344 0.9829 0.1256
vn -0.1368 0.9832 0.1208
vn -0.4030 0.8806 0.2494
vn -0.4051 0.8808 0.2451
vn -0.6321 0.6920 0.3487
vn -0.6337 0.6922 0.3453
vn -0.8003 0.4359 0.4117
vn -0.8886 0.1368 0.4379
vn -0.8893 -0.1756 0.4222
vn -0.8025 -0.4710 0.3662
vn -0.6372 -0.7202 0.2744
vn -0.4094 -0.8989 0.1558
vn -0.1416 -0.9897 0.0218
vn 0.1400 -0.9835 -0.1142
vn 0.4080 -0.8811 -0.2391
vn 0.6360 -0.6925 -0.3405
vn 0.8014 -0.4366 -0.4089
vn 0.8891 -0.1367 -0.4368
vn 0.8893 0.1756 -0.4222
vn 0.8025 0.4710 -0.3662
vn 0.6371 0.7202 -0.2744
vn 0.4095 0.8989 -0.1558
vn 0.1416 0.9897 -0.0219
vn -0.1400 0.9835 0.1142
vn -0.4080 0.8811 0.2391
vn -0.6360 0.6925 0.3405
vn -0.8018 0.4360 0.4087
vn -0.8891 0.1369 0.4368
vn -0.8894 -0.1757 0.4220
vn -0.8028 -0.4709 0.3657
vn -0.6376 -0.7202 0.2736
vn -0.4099 -0.8989 0.1548
vn -0.1421 -0.9896 0.0207
vn 0.1394 -0.9835 -0.1153
vn 0.4076 -0.8810 -0.2401
vn 0.6356 -0.6924 -0.3413
vn 0.8016 -0.4359 -0.4092
vn 0.8890 -0.1370 -0.4370
vn 0.8894 0.1756 -0.4220
vn 0.8028 0.4710 -0.3657
vn 0.6375 0.7202 -0.2736
vn 0.4076 0.9001 -0.1537
vn 0.1421 0.9896 -0.0207
vn -0.1395 0.9835 0.1153
vn -0.4075 0.8811 0.2401
vn -0.6356 0.6925 0.3413
vn -0.8016 0.4360 0.4092
vn -0.8890 0.1369 0.4370
vn -0.8906 -0.1755 0.4195
vn -0.8064 -0.4704 0.3584
vn -0.6386 -0.7201 0.2715
vn -0.4112 -0.8988 0.1521
vn -0.1435 -0.9895 0.0178
vn 0.1380 -0.9834 -0.1182
vn 0.4063 -0.8809 -0.2427
vn 0.6346 -0.6923 -0.3435
vn 0.7981 -0.4355 -0.4165
vn 0.8877 -0.1368 -0.4395
vn 0.8907 0.1754 -0.4195
vn 0.8063 0.4706 -0.3584
vn 0.6386 0.7201 -0.2715
vn 0.4113 0.8987 -0.1522
vn 0.1435 0.9895 -0.0177
vn -0.1381 0.9833 0.1183
vn -0.4062 0.8810 0.2427
vn -0.6346 0.6923 0.3434
vn -0.8001 0.4297 0.4186
vn -0.8001 0.4297 0.4185
vn -0.8878 0.1367 0.4395
vn -0.8115 -0.4696 0.3478
vn -0.6476 -0.7188 0.2529
vn -0.4225 -0.8972 0.1286
vn -0.1563 -0.9877 -0.0082
vn 0.1254 -0.9816 -0.1443
vn 0.3949 -0.8793 -0.2662
vn 0.6256 -0.6911 -0.3621
vn 0.7929 -0.4346 -0.4271
vn 0.8860 -0.1365 -0.4432
vn 0.8923 0.1767 -0.4153
vn 0.8923 0.1766 -0.4153
vn 0.8130 0.4654 -0.3500
vn 0.8130 0.4654 -0.3499
vn 0.6475 0.7189 -0.2528
vn 0.4226 0.8971 -0.1286
vn 0.1562 0.9877 0.0082
vn -0.1255 0.9816 0.1443
vn -0.3948 0.8794 0.2662
vn -0.6256 0.6910 0.3621
vn -0.7928 0.4348 0.4271
vn -0.8860 0.1364 0.4432
vn -0.8942 -0.1748 0.4122
vn -0.8192 -0.4625 0.3392
vn -0.8192 -0.4625 0.3393
vn -0.6545 -0.7174 0.2386
vn -0.4313 -0.8954 0.1106
vn -0.1659 -0.9857 -0.0282
vn 0.1157 -0.9796 -0.1642
vn 0.3860 -0.8776 -0.2842
vn 0.6187 -0.6896 -0.3764
vn 0.7877 -0.4334 -0.4378
vn 0.8842 -0.1360 -0.4468
vn 0.8939 0.1770 -0.4119
vn 0.8167 0.4684 -0.3371
vn 0.6545 0.7175 -0.2385
vn 0.4313 0.8954 -0.1106
vn 0.1658 0.9858 0.0282
vn -0.1158 0.9796 0.1642
vn -0.3861 0.8776 0.2842
vn -0.6186 0.6897 0.3764
vn -0.7876 0.4335 0.4378
vn -0.8842 0.1359 0.4468
vn -0.8941 -0.1748 0.4125
vn -0.8196 -0.4677 0.3310
vn -0.6637 -0.7151 0.2195
vn -0.4429 -0.8924 0.0867
vn -0.1787 -0.9824 -0.0548
vn 0.1029 -0.9762 -0.1908
vn 0.3743 -0.8746 -0.3081
vn 0.6095 -0.6872 -0.3953
vn 0.7847 -0.4327 -0.4439
vn 0.8844 -0.1360 -0.4466
vn 0.8941 0.1748 -0.4124
vn 0.8196 0.4676 -0.3311
vn 0.6637 0.7151 -0.2196
vn 0.4429 0.8924 -0.0867
vn 0.1787 0.9824 0.0548
vn -0.1028 0.9762 0.1908
vn -0.3745 0.8745 0.3082
vn -0.6093 0.6874 0.3953
vn -0.7847 0.4327 0.4439
vn -0.8844 0.1359 0.4465
vn -0.8915 -0.1775 0.4168
vn -0.8128 -0.4695 0.3448
vn -0.8127 -0.4644 0.3521
vn -0.8127 -0.4643 0.3519
vn -0.6534 -0.7175 0.2413
vn -0.4295 -0.8959 0.1137
vn -0.1641 -0.9861 -0.0246
vn 0.1175 -0.9800 -0.1607
vn 0.3875 -0.8780 -0.2809
vn 0.6198 -0.6900 -0.3738
vn 0.7914 -0.4344 -0.4300
vn 0.7943 -0.4349 -0.4242
vn 0.8865 -0.1364 -0.4422
vn 0.8919 0.1752 -0.4169
vn 0.8127 0.4698 -0.3447
vn 0.8101 0.4699 -0.3507
vn 0.6532 0.7178 -0.2411
vn 0.4297 0.8958 -0.1138
vn 0.1642 0.9861 0.0246
vn -0.1175 0.9800 0.1606
vn -0.3877 0.8779 0.2810
vn -0.6198 0.6900 0.3738
vn -0.7913 0.4346 0.4300
vn -0.7942 0.4350 0.4242
vn -0.8862 0.1387 0.4421
vn -0.8905 -0.1755 0.4198
vn -0.8073 -0.4680 0.3595
vn -0.8073 -0.4681 0.3595
vn -0.6446 -0.7192 0.2594
vn -0.6425 -0.7195 0.2636
vn -0.4186 -0.8978 0.1366
vn -0.4160 -0.8982 0.1420
vn -0.1518 -0.9884 0.0007
vn -0.1490 -0.9888 0.0066
vn 0.1298 -0.9823 -0.1354
vn 0.1327 -0.9827 -0.1295
vn 0.3987 -0.8800 -0.2581
vn 0.4013 -0.8804 -0.2528
vn 0.6287 -0.6916 -0.3556
vn 0.6338 -0.6886 -0.3524
vn 0.7984 -0.4356 -0.4157
vn 0.8879 -0.1367 -0.4392
vn 0.8905 0.1754 -0.4198
vn 0.8059 0.4706 -0.3592
vn 0.6445 0.7193 -0.2593
vn 0.6425 0.7196 -0.2635
vn 0.4186 0.8978 -0.1367
vn 0.4160 0.8982 -0.1420
vn 0.1519 0.9884 -0.0007
vn 0.1491 0.9888 -0.0066
vn -0.1299 0.9823 0.1353
vn -0.1327 0.9827 0.1294
vn -0.1327 0.9827 0.1295
vn -0.3988 0.8800 0.2581
vn -0.4014 0.8803 0.2528
vn -0.6286 0.6916 0.3557
vn -0.6307 0.6919 0.3515
vn -0.7984 0.4356 0.4157
vn -0.8879 0.1368 0.4392
vn -0.8901 -0.1755 0.4206
vn -0.8047 -0.4707 0.3618
vn -0.6405 -0.7199 0.2674
vn -0.4137 -0.8985 0.1470
vn -0.1463 -0.9892 0.0121
vn 0.1353 -0.9830 -0.1239
vn 0.4037 -0.8807 -0.2479
vn 0.6326 -0.6921 -0.3475
vn 0.7996 -0.4358 -0.4132
vn 0.8883 -0.1371 -0.4383
vn 0.8900 0.1760 -0.4206
vn 0.8901 0.1755 -0.4206
vn 0.8047 0.4707 -0.3618
vn 0.6405 0.7199 -0.2674
vn 0.4136 0.8985 -0.1469
vn 0.1464 0.9891 -0.0121
vn -0.1353 0.9830 0.1240
vn -0.4037 0.8807 0.2479
vn -0.6327 0.6921 0.3475
vn -0.7996 0.4357 0.4132
vn -0.8883 0.1370 0.4384
vn -0.8883 0.1367 0.4384
vn -0.8905 -0.1755 0.4197
vn -0.8051 -0.4728 0.3582
vn -0.6425 -0.7197 0.2633
vn -0.4120 -0.9004 0.1397
vn -0.4121 -0.9004 0.1397
vn -0.1540 -0.9880 0.0095
vn -0.1539 -0.9880 0.0095
vn 0.1325 -0.9827 -0.1296
vn 0.1326 -0.9827 -0.1296
vn 0.4060 -0.8784 -0.2523
vn 0.4060 -0.8784 -0.2522
vn 0.6307 -0.6918 -0.3516
vn 0.7984 -0.4356 -0.4158
vn 0.8877 -0.1377 -0.4393
vn 0.8905 0.1756 -0.4197
vn 0.8060 0.4705 -0.3592
vn 0.6426 0.7195 -0.2634
vn 0.4162 0.8982 -0.1418
vn 0.1491 0.9888 -0.0064
vn -0.1326 0.9827 0.1297
vn -0.4013 0.8803 0.2530
vn -0.6306 0.6919 0.3516
vn -0.7983 0.4356 0.4158
vn -0.8879 0.1359 0.4394
vn -0.8915 -0.1767 0.4171
vn -0.8915 -0.1766 0.4171
vn -0.8090 -0.4701 0.3529
vn -0.6472 -0.7189 0.2537
vn -0.4185 -0.8978 0.1371
vn -0.1516 -0.9884 0.0011
vn 0.1300 -0.9823 -0.1349
vn 0.3989 -0.8800 -0.2578
vn 0.6260 -0.6911 -0.3612
vn 0.7954 -0.4351 -0.4220
vn 0.8868 -0.1367 -0.4414
vn 0.8915 0.1755 -0.4176
vn 0.8089 0.4702 -0.3529
vn 0.6473 0.7188 -0.2537
vn 0.4185 0.8978 -0.1370
vn 0.1517 0.9884 -0.0011
vn -0.1300 0.9823 0.1350
vn -0.3990 0.8800 0.2578
vn -0.6296 0.6865 0.3637
vn -0.6297 0.6865 0.3637
vn -0.7953 0.4352 0.4220
vn -0.8869 0.1364 0.4414
vn -0.8925 -0.1784 0.4142
vn -0.8123 -0.4705 0.3448
vn -0.6501 -0.7183 0.2479
vn -0.4257 -0.8965 0.1223
vn -0.1596 -0.9871 -0.0153
vn 0.1221 -0.9809 -0.1513
vn 0.3918 -0.8788 -0.2726
vn 0.6231 -0.6906 -0.3671
vn 0.7925 -0.4325 -0.4300
vn 0.8860 -0.1323 -0.4443
vn 0.8930 0.1744 -0.4148
vn 0.8138 0.4665 -0.3466
vn 0.6501 0.7183 -0.2478
vn 0.4257 0.8966 -0.1223
vn 0.1597 0.9871 0.0152
vn -0.1221 0.9809 0.1514
vn -0.3918 0.8788 0.2725
vn -0.6232 0.6905 0.3672
vn -0.7925 0.4324 0.4301
vn -0.8855 0.1367 0.4440
vn -0.8856 0.1367 0.4440
vn -0.8931 -0.1778 0.4131
vn -0.8136 -0.4714 0.3402
vn -0.6548 -0.7185 0.2344
vn -0.4317 -0.8958 0.1053
vn -0.1658 -0.9856 -0.0343
vn 0.1166 -0.9784 -0.1706
vn 0.3874 -0.8751 -0.2900
vn 0.6200 -0.6858 -0.3811
vn 0.7914 -0.4303 -0.4343
vn 0.8856 -0.1324 -0.4452
vn 0.8933 0.1780 -0.4128
vn 0.8139 0.4711 -0.3401
vn 0.6550 0.7184 -0.2343
vn 0.4317 0.8959 -0.1052
vn 0.1658 0.9856 0.0343
vn -0.1167 0.9784 0.1706
vn -0.3873 0.8751 0.2900
vn -0.6199 0.6860 0.3810
vn -0.7914 0.4300 0.4345
vn -0.8854 0.1323 0.4455
vn -0.9612 -0.1621 0.2231
vn -0.9607 -0.1662 0.2224
vn -0.8743 -0.4564 0.1651
vn -0.8738 -0.4582 0.1631
vn -0.7019 -0.7065 0.0910
vn -0.7031 -0.7055 0.0893
vn -0.7031 -0.7055 0.0894
vn -0.4606 -0.8876 0.0079
vn -0.4594 -0.8882 0.0040
vn -0.1733 -0.9819 -0.0763
vn -0.1726 -0.9817 -0.0804
vn 0.1305 -0.9796 -0.1528
vn 0.1312 -0.9789 -0.1569
vn 0.4217 -0.8810 -0.2145
vn 0.4221 -0.8800 -0.2180
vn 0.6713 -0.6959 -0.2550
vn 0.6715 -0.6948 -0.2577
vn 0.8545 -0.4434 -0.2706
vn 0.8547 -0.4421 -0.2722
vn 0.9544 -0.1475 -0.2597
vn 0.9542 -0.1474 -0.2602
vn 0.9542 -0.1473 -0.2602
vn 0.9611 0.1623 -0.2235
vn 0.9610 0.1642 -0.2225
vn 0.8742 0.4565 -0.1655
vn 0.8737 0.4583 -0.1632
vn 0.7019 0.7064 -0.0912
vn 0.7009 0.7078 -0.0879
vn 0.4604 0.8877 -0.0080
vn 0.4594 0.8882 -0.0040
vn 0.1737 0.9818 0.0762
vn 0.1726 0.9817 0.0804
vn -0.1305 0.9796 0.1529
vn -0.1312 0.9789 0.1569
vn -0.4217 0.8810 0.2144
vn -0.4220 0.8800 0.2180
vn -0.6713 0.6960 0.2548
vn -0.6714 0.6948 0.2576
vn -0.8547 0.4432 0.2703
vn -0.8548 0.4419 0.2720
vn -0.9544 0.1479 0.2593
vn -0.9545 0.1461 0.2599
vn -0.9609 -0.1662 0.2217
vn -0.8730 -0.4602 0.1615
vn -0.6995 -0.7095 0.0854
vn -0.4579 -0.8890 0.0011
vn -0.1711 -0.9817 -0.0834
vn 0.1322 -0.9783 -0.1597
vn 0.4227 -0.8790 -0.2204
vn 0.6718 -0.6938 -0.2595
vn 0.8551 -0.4405 -0.2733
vn 0.8552 -0.4403 -0.2734
vn 0.9547 -0.1445 -0.2601
vn 0.9609 0.1660 -0.2217
vn 0.8730 0.4602 -0.1615
vn 0.6997 0.7093 -0.0855
vn 0.4578 0.8891 -0.0011
vn 0.1711 0.9817 0.0834
vn -0.1322 0.9783 0.1597
vn -0.4226 0.8791 0.2204
vn -0.6718 0.6938 0.2595
vn -0.8551 0.4406 0.2732
vn -0.9547 0.1443 0.2602
vn -0.9606 -0.1663 0.2228
vn -0.8722 -0.4606 0.1647
vn -0.7012 -0.7071 0.0912
vn -0.7012 -0.7071 0.0911
vn -0.4563 -0.8898 0.0074
vn -0.1694 -0.9826 -0.0764
vn 0.1340 -0.9791 -0.1528
vn 0.4244 -0.8798 -0.2141
vn 0.6730 -0.6945 -0.2545
vn 0.8572 -0.4387 -0.2698
vn 0.9550 -0.1444 -0.2591
vn 0.9606 0.1662 -0.2228
vn 0.8722 0.4607 -0.1647
vn 0.6984 0.7100 -0.0905
vn 0.4562 0.8899 -0.0073
vn 0.1694 0.9826 0.0764
vn -0.1340 0.9791 0.1528
vn -0.4242 0.8799 0.2141
vn -0.6730 0.6944 0.2545
vn -0.8559 0.4409 0.2700
vn -0.9550 0.1446 0.2591
vn -0.9600 -0.1665 0.2251
vn -0.8705 -0.4613 0.1713
vn -0.6957 -0.7112 0.1007
vn -0.4549 -0.8904 0.0126
vn -0.1680 -0.9833 -0.0706
vn 0.1355 -0.9798 -0.1470
vn 0.4257 -0.8804 -0.2089
vn 0.6756 -0.6956 -0.2442
vn 0.8575 -0.4418 -0.2634
vn 0.9556 -0.1447 -0.2568
vn 0.9600 0.1664 -0.2251
vn 0.8705 0.4614 -0.1713
vn 0.6958 0.7112 -0.1008
vn 0.4549 0.8905 -0.0126
vn 0.1680 0.9833 0.0707
vn -0.1354 0.9798 0.1470
vn -0.4256 0.8805 0.2089
vn -0.6757 0.6956 0.2443
vn -0.8576 0.4417 0.2634
vn -0.9556 0.1448 0.2568
vn -0.9593 -0.1668 0.2279
vn -0.8684 -0.4622 0.1795
vn -0.6925 -0.7124 0.1135
vn -0.4510 -0.8921 0.0281
vn -0.1636 -0.9851 -0.0535
vn 0.1398 -0.9816 -0.1298
vn 0.4295 -0.8821 -0.1934
vn 0.6789 -0.6968 -0.2315
vn 0.8597 -0.4425 -0.2552
vn 0.9563 -0.1450 -0.2540
vn 0.9593 0.1667 -0.2279
vn 0.8684 0.4622 -0.1795
vn 0.6926 0.7123 -0.1135
vn 0.4509 0.8921 -0.0281
vn 0.1636 0.9851 0.0535
vn -0.1398 0.9816 0.1298
vn -0.4295 0.8821 0.1934
vn -0.6789 0.6968 0.2315
vn -0.8596 0.4426 0.2552
vn -0.9560 0.1462 0.2543
vn -0.9586 -0.1670 0.2306
vn -0.8664 -0.4628 0.1874
vn -0.6894 -0.7133 0.1258
vn -0.4468 -0.8935 0.0447
vn -0.1588 -0.9867 -0.0350
vn 0.1445 -0.9832 -0.1113
vn 0.4337 -0.8836 -0.1767
vn 0.6819 -0.6978 -0.2192
vn 0.8617 -0.4431 -0.2473
vn 0.9572 -0.1441 -0.2510
vn 0.9586 0.1670 -0.2306
vn 0.8664 0.4628 -0.1874
vn 0.6895 0.7133 -0.1258
vn 0.4466 0.8936 -0.0447
vn 0.1589 0.9867 0.0350
vn -0.1445 0.9832 0.1113
vn -0.4337 0.8836 0.1768
vn -0.6820 0.6978 0.2192
vn -0.8616 0.4432 0.2474
vn -0.9570 0.1452 0.2513
vn -0.9581 -0.1670 0.2327
vn -0.8649 -0.4632 0.1934
vn -0.6872 -0.7138 0.1352
vn -0.4431 -0.8945 0.0590
vn -0.4419 -0.8948 0.0638
vn -0.1548 -0.9878 -0.0192
vn -0.1535 -0.9880 -0.0140
vn 0.1484 -0.9843 -0.0955
vn 0.1498 -0.9846 -0.0902
vn 0.4373 -0.8845 -0.1625
vn 0.4385 -0.8848 -0.1577
vn 0.6842 -0.6984 -0.2098
vn 0.8632 -0.4434 -0.2413
vn 0.9576 -0.1446 -0.2492
vn 0.9576 -0.1446 -0.2491
vn 0.9581 0.1671 -0.2327
vn 0.8649 0.4632 -0.1934
vn 0.6871 0.7139 -0.1352
vn 0.4431 0.8945 -0.0590
vn 0.4420 0.8948 -0.0638
vn 0.1550 0.9877 0.0192
vn 0.1536 0.9880 0.0139
vn -0.1485 0.9843 0.0955
vn -0.1498 0.9846 0.0903
vn -0.4373 0.8845 0.1625
vn -0.4385 0.8848 0.1577
vn -0.6843 0.6983 0.2098
vn -0.8632 0.4435 0.2413
vn -0.9575 0.1453 0.2492
vn -0.9578 -0.1671 0.2338
vn -0.8637 -0.4642 0.1966
vn -0.8637 -0.4641 0.1966
vn -0.6858 -0.7141 0.1404
vn -0.4403 -0.8951 0.0703
vn -0.1517 -0.9884 -0.0067
vn 0.1516 -0.9850 -0.0830
vn 0.4402 -0.8851 -0.1512
vn 0.6856 -0.6987 -0.2046
vn 0.8641 -0.4436 -0.2380
vn 0.9578 -0.1454 -0.2480
vn 0.9578 0.1672 -0.2338
vn 0.8641 0.4633 -0.1967
vn 0.6849 0.7151 -0.1399
vn 0.6850 0.7150 -0.1399
vn 0.4403 0.8951 -0.0702
vn 0.1517 0.9884 0.0067
vn -0.1516 0.9849 0.0830
vn -0.4402 0.8851 0.1512
vn -0.6857 0.6985 0.2046
vn -0.8640 0.4437 0.2380
vn -0.9578 0.1453 0.2480
vn -0.9577 -0.1671 0.2342
vn -0.8639 -0.4633 0.1977
vn -0.6854 -0.7143 0.1418
vn -0.4400 -0.8951 0.0720
vn -0.1512 -0.9885 -0.0048
vn 0.1521 -0.9850 -0.0811
vn 0.4407 -0.8851 -0.1495
vn 0.6860 -0.6987 -0.2032
vn 0.8643 -0.4436 -0.2371
vn 0.9578 -0.1455 -0.2477
vn 0.9577 0.1673 -0.2341
vn 0.8638 0.4634 -0.1976
vn 0.6853 0.7143 -0.1417
vn 0.4398 0.8952 -0.0720
vn 0.1513 0.9885 0.0048
vn -0.1521 0.9850 0.0811
vn -0.4406 0.8852 0.1495
vn -0.6859 0.6988 0.2032
vn -0.8642 0.4438 0.2371
vn -0.9579 0.1454 0.2478
s 1
usemtl WATER_PROP_150_DERIVED_Z
f 2146//1259 2147//1259 2148//1259 2149//1259
f 2147//1260 2150//1260 2151//1260 2148//1260
f 2150//1261 2152//1261 2153//1261 2151//1261
f 2152//1262 2154//1262 2155//1262 2153//1262
f 2154//1263 2156//1263 2157//1263 2155//1263
f 2156//1264 2158//1264 2159//1264 2157//1264
f 2158//1265 2160//1265 2161//1265 2159//1265
f 2160//1266 2162//1266 2163//1266 2161//1266
f 2162//1267 2164//1267 2165//1267 2163//1267
f 2164//1268 2166//1268 2167//1268 2165//1268
f 2166//1269 2168//1269 2169//1269 2167//1269
f 2168//1270 2170//1270 2171//1270 2169//1270
f 2170//1271 2172//1271 2173//1271 2171//1271
f 2172//1272 2174//1272 2175//1272 2173//1272
f 2174//1273 2176//1273 2177//1273 2175//1273
f 2176//1274 2178//1274 2179//1274 2177//1274
f 2178//1275 2180//1275 2181//1275 2179//1275
f 2180//1276 2182//1276 2183//1276 2181//1276
f 2182//1277 2184//1277 2185//1277 2183//1277
f 2184//1278 2146//1278 2149//1278 2185//1278
f 2149//1279 2148//1279 2186//1279 2187//1279
f 2148//1280 2151//1280 2188//1280 2186//1280
f 2151//1281 2153//1281 2189//1281 2188//1281
f 2153//1282 2155//1282 2190//1282 2189//1282
f 2155//1283 2157//1283 2191//1283 2190//1283
f 2157//1284 2159//1284 2192//1284 2191//1284
f 2159//1285 2161//1285 2193//1285 2192//1285
f 2161//1286 2163//1286 2194//1286 2193//1286
f 2163//1287 2165//1287 2195//1287 2194//1287
f 2165//1288 2167//1288 2196//1288 2195//1288
f 2167//1289 2169//1289 2197//1289 2196//1289
f 2169//1290 2171//1290 2198//1290 2197//1290
f 2171//1291 2173//1291 2199//1291 2198//1291
f 2173//1292 2175//1292 2200//1292 2199//1292
f 2175//1293 2177//1293 2201//1293 2200//1293
f 2177//1294 2179//1294 2202//1294 2201//1294
f 2179//1295 2181//1295 2203//1295 2202//1295
f 2181//1296 2183//1296 2204//1296 2203//1296
f 2183//1297 2185//1297 2205//1297 2204//1297
f 2185//1298 2149//1298 2187//1298 2205//1298
f 2187//1299 2186//1299 2206//1300 2207//1300
f 2186//1301 2188//1301 2208//1301 2206//1301
f 2188//1302 2189//1302 2209//1302 2208//1302
f 2189//1303 2190//1303 2210//1303 2209//1303
f 2190//1304 2191//1304 2211//1304 2210//1304
f 2191//1305 2192//1305 2212//1305 2211//1305
f 2192//1306 2193//1306 2213//1306 2212//1306
f 2193//1307 2194//1307 2214//1307 2213//1307
f 2194//1308 2195//1308 2215//1308 2214//1308
f 2195//1309 2196//1309 2216//1310 2215//1310
f 2196//1311 2197//1311 2217//1312 2216//1312
f 2197//1313 2198//1313 2218//1313 2217//1313
f 2198//1314 2199//1314 2219//1314 2218//1314
f 2199//1315 2200//1315 2220//1315 2219//1315
f 2200//1316 2201//1316 2221//1316 2220//1316
f 2201//1317 2202//1317 2222//1317 2221//1317
f 2202//1318 2203//1318 2223//1318 2222//1318
f 2203//1319 2204//1319 2224//1319 2223//1319
f 2204//1320 2205//1320 2225//1320 2224//1320
f 2205//1321 2187//1321 2207//1322 2225//1322
f 2207//1300 2206//1300 2226//1323 2227//1324
f 2206//1325 2208//1325 2228//1326 2226//1326
f 2208//1327 2209//1327 2229//1328 2228//1328
f 2209//1329 2210//1329 2230//1330 2229//1330
f 2210//1331 2211//1331 2231//1332 2230//1332
f 2211//1333 2212//1333 2232//1334 2231//1334
f 2212//1335 2213//1335 2233//1336 2232//1336
f 2213//1337 2214//1337 2234//1338 2233//1339
f 2214//1340 2215//1340 2235//1341 2234//1342
f 2215//1310 2216//1310 2236//1343 2235//1343
f 2216//1312 2217//1312 2237//1344 2236//1345
f 2217//1346 2218//1346 2238//1347 2237//1348
f 2218//1349 2219//1349 2239//1350 2238//1350
f 2219//1351 2220//1351 2240//1352 2239//1352
f 2220//1353 2221//1353 2241//1354 2240//1354
f 2221//1355 2222//1355 2242//1356 2241//1356
f 2222//1357 2223//1357 2243//1358 2242//1358
f 2223//1359 2224//1359 2244//1360 2243//1360
f 2224//1361 2225//1361 2245//1362 2244//1362
f 2225//1322 2207//1322 2227//1363 2245//1364
f 2227//1324 2226//1323 2246//1365 2247//1365
f 2226//1326 2228//1326 2248//1366 2246//1366
f 2228//1328 2229//1328 2249//1367 2248//1367
f 2229//1330 2230//1330 2250//1368 2249//1368
f 2230//1332 2231//1332 2251//1369 2250//1369
f 2231//1334 2232//1334 2252//1370 2251//1370
f 2232//1336 2233//1336 2253//1371 2252//1371
f 2233//1339 2234//1338 2254//1372 2253//1373
f 2234//1342 2235//1341 2255//1374 2254//1374
f 2235//1343 2236//1343 2256//1375 2255//1375
f 2236//1345 2237//1344 2257//1376 2256//1376
f 2237//1348 2238//1347 2258//1377 2257//1377
f 2238//1350 2239//1350 2259//1378 2258//1378
f 2239//1352 2240//1352 2260//1379 2259//1379
f 2240//1354 2241//1354 2261//1380 2260//1380
f 2241//1356 2242//1356 2262//1381 2261//1381
f 2242//1358 2243//1358 2263//1382 2262//1382
f 2243//1360 2244//1360 2264//1383 2263//1384
f 2244//1362 2245//1362 2265//1385 2264//1385
f 2245//1364 2227//1363 2247//1386 2265//1387
f 2247//1365 2246//1365 2266//1388 2267//1388
f 2246//1366 2248//1366 2268//1389 2266//1389
f 2248//1367 2249//1367 2269//1390 2268//1390
f 2249//1368 2250//1368 2270//1391 2269//1391
f 2250//1369 2251//1369 2271//1392 2270//1392
f 2251//1370 2252//1370 2272//1393 2271//1393
f 2252//1371 2253//1371 2273//1394 2272//1394
f 2253//1373 2254//1372 2274//1395 2273//1395
f 2254//1374 2255//1374 2275//1396 2274//1396
f 2255//1375 2256//1375 2276//1397 2275//1397
f 2256//1376 2257//1376 2277//1398 2276//1399
f 2257//1377 2258//1377 2278//1400 2277//1401
f 2258//1378 2259//1378 2279//1402 2278//1402
f 2259//1379 2260//1379 2280//1403 2279//1404
f 2260//1380 2261//1380 2281//1405 2280//1405
f 2261//1381 2262//1381 2282//1406 2281//1406
f 2262//1382 2263//1382 2283//1407 2282//1407
f 2263//1384 2264//1383 2284//1408 2283//1408
f 2264//1385 2265//1385 2285//1409 2284//1409
f 2265//1387 2247//1386 2267//1410 2285//1410
f 2267//1388 2266//1388 2286//1411 2287//1411
f 2266//1389 2268//1389 2288//1412 2286//1413
f 2268//1390 2269//1390 2289//1414 2288//1415
f 2269//1391 2270//1391 2290//1416 2289//1417
f 2270//1392 2271//1392 2291//1418 2290//1418
f 2271//1393 2272//1393 2292//1419 2291//1419
f 2272//1394 2273//1394 2293//1420 2292//1420
f 2273//1395 2274//1395 2294//1421 2293//1422
f 2274//1396 2275//1396 2295//1423 2294//1424
f 2275//1397 2276//1397 2296//1425 2295//1425
f 2276//1399 2277//1398 2297//1426 2296//1426
f 2277//1401 2278//1400 2298//1427 2297//1427
f 2278//1402 2279//1402 2299//1428 2298//1428
f 2279//1404 2280//1403 2300//1429 2299//1429
f 2280//1405 2281//1405 2301//1430 2300//1430
f 2281//1406 2282//1406 2302//1431 2301//1431
f 2282//1407 2283//1407 2303//1432 2302//1432
f 2283//1408 2284//1408 2304//1433 2303//1433
f 2284//1409 2285//1409 2305//1434 2304//1434
f 2285//1410 2267//1410 2287//1435 2305//1435
f 2287//1411 2286//1411 2306//1436 2307//1437
f 2286//1413 2288//1412 2308//1438 2306//1438
f 2288//1415 2289//1414 2309//1439 2308//1440
f 2289//1417 2290//1416 2310//1441 2309//1442
f 2290//1443 2291//1443 2311//1443 2310//1443
f 2291//1444 2292//1444 2312//1444 2311//1444
f 2292//1420 2293//1420 2313//1445 2312//1445
f 2293//1422 2294//1421 2314//1446 2313//1446
f 2294//1424 2295//1423 2315//1447 2314//1447
f 2295//1425 2296//1425 2316//1448 2315//1448
f 2296//1426 2297//1426 2317//1449 2316//1450
f 2297//1427 2298//1427 2318//1451 2317//1452
f 2298//1428 2299//1428 2319//1453 2318//1454
f 2299//1429 2300//1429 2320//1455 2319//1455
f 2300//1456 2301//1456 2321//1456 2320//1456
f 2301//1457 2302//1457 2322//1457 2321//1457
f 2302//1432 2303//1432 2323//1458 2322//1458
f 2303//1433 2304//1433 2324//1459 2323//1460
f 2304//1434 2305//1434 2325//1461 2324//1461
f 2305//1435 2287//1435 2307//1462 2325//1463
f 2307//1437 2306//1436 2326//1464 2327//1465
f 2306//1438 2308//1438 2328//1466 2326//1467
f 2308//1440 2309//1439 2329//1468 2328//1468
f 2309//1442 2310//1441 2330//1469 2329//1469
f 2310//1470 2311//1470 2331//1470 2330//1470
f 2311//1471 2312//1471 2332//1471 2331//1471
f 2312//1445 2313//1445 2333//1472 2332//1472
f 2313//1446 2314//1446 2334//1473 2333//1473
f 2314//1447 2315//1447 2335//1474 2334//1475
f 2315//1448 2316//1448 2336//1476 2335//1476
f 2316//1450 2317//1449 2337//1477 2336//1477
f 2317//1452 2318//1451 2338//1478 2337//1478
f 2318//1454 2319//1453 2339//1479 2338//1479
f 2319//1455 2320//1455 2340//1480 2339//1480
f 2320//1481 2321//1481 2341//1481 2340//1481
f 2321//1482 2322//1482 2342//1482 2341//1482
f 2322//1458 2323//1458 2343//1483 2342//1483
f 2323//1460 2324//1459 2344//1484 2343//1485
f 2324//1461 2325//1461 2345//1486 2344//1486
f 2325//1463 2307//1462 2327//1487 2345//1487
f 2327//1465 2326//1464 2346//1488 2347//1488
f 2326//1467 2328//1466 2348//1489 2346//1489
f 2328//1468 2329//1468 2349//1490 2348//1491
f 2329//1469 2330//1469 2350//1492 2349//1493
f 2330//1494 2331//1494 2351//1494 2350//1494
f 2331//1495 2332//1495 2352//1495 2351//1495
f 2332//1472 2333//1472 2353//1496 2352//1497
f 2333//1473 2334//1473 2354//1498 2353//1499
f 2334//1475 2335//1474 2355//1500 2354//1500
f 2335//1476 2336//1476 2356//1501 2355//1502
f 2336//1477 2337//1477 2357//1503 2356//1503
f 2337//1478 2338//1478 2358//1504 2357//1504
f 2338//1479 2339//1479 2359//1505 2358//1505
f 2339//1480 2340//1480 2360//1506 2359//1506
f 2340//1507 2341//1507 2361//1507 2360//1507
f 2341//1508 2342//1508 2362//1508 2361//1508
f 2342//1483 2343//1483 2363//1509 2362//1509
f 2343//1485 2344//1484 2364//1510 2363//1510
f 2344//1486 2345//1486 2365//1511 2364//1512
f 2345//1487 2327//1487 2347//1513 2365//1514
f 2347//1488 2346//1488 2366//1515 2367//1515
f 2346//1489 2348//1489 2368//1516 2366//1516
f 2348//1491 2349//1490 2369//1517 2368//1517
f 2349//1493 2350//1492 2370//1518 2369//1518
f 2350//1519 2351//1519 2371//1520 2370//1520
f 2351//1521 2352//1521 2372//1522 2371//1522
f 2352//1497 2353//1496 2373//1523 2372//1523
f 2353//1499 2354//1498 2374//1524 2373//1525
f 2354//1500 2355//1500 2375//1526 2374//1526
f 2355//1502 2356//1501 2376//1527 2375//1527
f 2356//1503 2357//1503 2377//1528 2376//1529
f 2357//1504 2358//1504 2378//1530 2377//1531
f 2358//1505 2359//1505 2379//1532 2378//1532
f 2359//1506 2360//1506 2380//1533 2379//1533
f 2360//1534 2361//1534 2381//1535 2380//1535
f 2361//1536 2362//1536 2382//1537 2381//1537
f 2362//1509 2363//1509 2383//1538 2382//1538
f 2363//1510 2364//1510 2384//1539 2383//1540
f 2364//1512 2365//1511 2385//1541 2384//1541
f 2365//1514 2347//1513 2367//1542 2385//1542
f 2367//1515 2366//1515 2386//1543 2387//1543
f 2366//1516 2368//1516 2388//1544 2386//1544
f 2368//1517 2369//1517 2389//1545 2388//1545
f 2369//1518 2370//1518 2390//1546 2389//1546
f 2370//1520 2371//1520 2391//1547 2390//1547
f 2371//1522 2372//1522 2392//1548 2391//1548
f 2372//1523 2373//1523 2393//1549 2392//1549
f 2373//1525 2374//1524 2394//1550 2393//1550
f 2374//1526 2375//1526 2395//1551 2394//1551
f 2375//1527 2376//1527 2396//1552 2395//1552
f 2376//1529 2377//1528 2397//1553 2396//1553
f 2377//1531 2378//1530 2398//1554 2397//1554
f 2378//1532 2379//1532 2399//1555 2398//1555
f 2379//1533 2380//1533 2400//1556 2399//1557
f 2380//1535 2381//1535 2401//1558 2400//1558
f 2381//1537 2382//1537 2402//1559 2401//1559
f 2382//1538 2383//1538 2403//1560 2402//1560
f 2383//1540 2384//1539 2404//1561 2403//1561
f 2384//1541 2385//1541 2405//1562 2404//1562
f 2385//1542 2367//1542 2387//1563 2405//1564
f 2387//1543 2386//1543 2406//1565 2407//1565
f 2386//1544 2388//1544 2408//1566 2406//1567
f 2388//1545 2389//1545 2409//1568 2408//1568
f 2389//1546 2390//1546 2410//1569 2409//1569
f 2390//1547 2391//1547 2411//1570 2410//1570
f 2391//1548 2392//1548 2412//1571 2411//1571
f 2392//1549 2393//1549 2413//1572 2412//1572
f 2393//1550 2394//1550 2414//1573 2413//1573
f 2394//1551 2395//1551 2415//1574 2414//1574
f 2395//1552 2396//1552 2416//1575 2415//1576
f 2396//1553 2397//1553 2417//1577 2416//1578
f 2397//1554 2398//1554 2418//1579 2417//1579
f 2398//1555 2399//1555 2419//1580 2418//1580
f 2399//1557 2400//1556 2420//1581 2419//1581
f 2400//1558 2401//1558 2421//1582 2420//1582
f 2401//1559 2402//1559 2422//1583 2421//1583
f 2402//1560 2403//1560 2423//1584 2422//1584
f 2403//1561 2404//1561 2424//1585 2423//1585
f 2404//1562 2405//1562 2425//1586 2424//1587
f 2405//1564 2387//1563 2407//1588 2425//1588
f 2407//1565 2406//1565 2426//1589 2427//1589
f 2406//1567 2408//1566 2428//1590 2426//1590
f 2408//1568 2409//1568 2429//1591 2428//1591
f 2409//1569 2410//1569 2430//1592 2429//1592
f 2410//1570 2411//1570 2431//1593 2430//1593
f 2411//1571 2412//1571 2432//1594 2431//1594
f 2412//1572 2413//1572 2433//1595 2432//1595
f 2413//1573 2414//1573 2434//1596 2433//1596
f 2414//1574 2415//1574 2435//1597 2434//1597
f 2415//1576 2416//1575 2436//1598 2435//1598
f 2416//1578 2417//1577 2437//1599 2436//1599
f 2417//1579 2418//1579 2438//1600 2437//1600
f 2418//1580 2419//1580 2439//1601 2438//1601
f 2419//1581 2420//1581 2440//1602 2439//1602
f 2420//1582 2421//1582 2441//1603 2440//1603
f 2421//1583 2422//1583 2442//1604 2441//1604
f 2422//1584 2423//1584 2443//1605 2442//1605
f 2423//1585 2424//1585 2444//1606 2443//1606
f 2424//1587 2425//1586 2445//1607 2444//1607
f 2425//1588 2407//1588 2427//1608 2445//1608
f 2427//1609 2426//1609 2446//1609 2447//1609
f 2426//1610 2428//1610 2448//1610 2446//1610
f 2428//1611 2429//1611 2449//1611 2448//1611
f 2429//1612 2430//1612 2450//1612 2449//1612
f 2430//1613 2431//1613 2451//1613 2450//1613
f 2431//1614 2432//1614 2452//1614 2451//1614
f 2432//1615 2433//1615 2453//1615 2452//1615
f 2433//1616 2434//1616 2454//1616 2453//1616
f 2434//1617 2435//1617 2455//1617 2454//1617
f 2435//1618 2436//1618 2456//1618 2455//1618
f 2436//1619 2437//1619 2457//1619 2456//1619
f 2437//1620 2438//1620 2458//1620 2457//1620
f 2438//1621 2439//1621 2459//1621 2458//1621
f 2439//1622 2440//1622 2460//1622 2459//1622
f 2440//1623 2441//1623 2461//1623 2460//1623
f 2441//1624 2442//1624 2462//1624 2461//1624
f 2442//1625 2443//1625 2463//1625 2462//1625
f 2443//1626 2444//1626 2464//1626 2463//1626
f 2444//1627 2445//1627 2465//1627 2464//1627
f 2445//1628 2427//1628 2447//1628 2465//1628
f 2447//1629 2446//1629 2466//1630 2467//1630
f 2446//1631 2448//1631 2468//1632 2466//1632
f 2448//1633 2449//1633 2469//1634 2468//1634
f 2449//1635 2450//1635 2470//1636 2469//1636
f 2450//1637 2451//1637 2471//1638 2470//1638
f 2451//1639 2452//1639 2472//1640 2471//1640
f 2452//1641 2453//1641 2473//1642 2472//1642
f 2453//1643 2454//1643 2474//1644 2473//1644
f 2454//1645 2455//1645 2475//1646 2474//1646
f 2455//1647 2456//1647 2476//1648 2475//1649
f 2456//1650 2457//1650 2477//1651 2476//1652
f 2457//1653 2458//1653 2478//1654 2477//1654
f 2458//1655 2459//1655 2479//1656 2478//1656
f 2459//1657 2460//1657 2480//1658 2479//1658
f 2460//1659 2461//1659 2481//1660 2480//1660
f 2461//1661 2462//1661 2482//1662 2481//1662
f 2462//1663 2463//1663 2483//1664 2482//1664
f 2463//1665 2464//1665 2484//1666 2483//1666
f 2464//1667 2465//1667 2485//1668 2484//1668
f 2465//1669 2447//1669 2467//1670 2485//1670
f 2467//1630 2466//1630 2486//1671 2487//1672
f 2466//1632 2468//1632 2488//1673 2486//1673
f 2468//1634 2469//1634 2489//1674 2488//1674
f 2469//1636 2470//1636 2490//1675 2489//1675
f 2470//1638 2471//1638 2491//1676 2490//1676
f 2471//1640 2472//1640 2492//1677 2491//1677
f 2472//1642 2473//1642 2493//1678 2492//1678
f 2473//1644 2474//1644 2494//1679 2493//1679
f 2474//1646 2475//1646 2495//1680 2494//1680
f 2475//1649 2476//1648 2496//1681 2495//1681
f 2476//1652 2477//1651 2497//1682 2496//1682
f 2477//1654 2478//1654 2498//1683 2497//1683
f 2478//1656 2479//1656 2499//1684 2498//1684
f 2479//1658 2480//1658 2500//1685 2499//1685
f 2480//1660 2481//1660 2501//1686 2500//1686
f 2481//1662 2482//1662 2502//1687 2501//1687
f 2482//1664 2483//1664 2503//1688 2502//1688
f 2483//1666 2484//1666 2504//1689 2503//1689
f 2484//1668 2485//1668 2505//1690 2504//1690
f 2485//1670 2467//1670 2487//1691 2505//1691
f 2487//1672 2486//1671 2506//1692 2507//1692
f 2486//1673 2488//1673 2508//1693 2506//1694
f 2488//1674 2489//1674 2509//1695 2508//1695
f 2489//1675 2490//1675 2510//1696 2509//1696
f 2490//1676 2491//1676 2511//1697 2510//1697
f 2491//1677 2492//1677 2512//1698 2511//1698
f 2492//1678 2493//1678 2513//1699 2512//1699
f 2493//1679 2494//1679 2514//1700 2513//1700
f 2494//1680 2495//1680 2515//1701 2514//1702
f 2495//1681 2496//1681 2516//1703 2515//1704
f 2496//1682 2497//1682 2517//1705 2516//1705
f 2497//1683 2498//1683 2518//1706 2517//1706
f 2498//1684 2499//1684 2519//1707 2518//1707
f 2499//1685 2500//1685 2520//1708 2519//1708
f 2500//1686 2501//1686 2521//1709 2520//1709
f 2501//1687 2502//1687 2522//1710 2521//1710
f 2502//1688 2503//1688 2523//1711 2522//1711
f 2503//1689 2504//1689 2524//1712 2523//1712
f 2504//1690 2505//1690 2525//1713 2524//1713
f 2505//1691 2487//1691 2507//1714 2525//1714
f 2507//1692 2506//1692 2526//1715 2527//1715
f 2506//1694 2508//1693 2528//1716 2526//1716
f 2508//1695 2509//1695 2529//1717 2528//1717
f 2509//1696 2510//1696 2530//1718 2529//1718
f 2510//1719 2511//1719 2531//1719 2530//1719
f 2511//1720 2512//1720 2532//1720 2531//1720
f 2512//1699 2513//1699 2533//1721 2532//1721
f 2513//1700 2514//1700 2534//1722 2533//1722
f 2514//1702 2515//1701 2535//1723 2534//1723
f 2515//1704 2516//1703 2536//1724 2535//1724
f 2516//1705 2517//1705 2537//1725 2536//1725
f 2517//1706 2518//1706 2538//1726 2537//1726
f 2518//1707 2519//1707 2539//1727 2538//1727
f 2519//1708 2520//1708 2540//1728 2539//1728
f 2520//1729 2521//1729 2541//1729 2540//1729
f 2521//1730 2522//1730 2542//1730 2541//1730
f 2522//1711 2523//1711 2543//1731 2542//1731
f 2523//1712 2524//1712 2544//1732 2543//1732
f 2524//1713 2525//1713 2545//1733 2544//1733
f 2525//1714 2507//1714 2527//1734 2545//1734
f 2527//1715 2526//1715 2546//1735 2547//1736
f 2526//1716 2528//1716 2548//1737 2546//1737
f 2528//1717 2529//1717 2549//1738 2548//1738
f 2529//1739 2530//1739 2550//1739 2549//1739
f 2530//1740 2531//1740 2551//1740 2550//1740
f 2531//1741 2532//1741 2552//1741 2551//1741
f 2532//1742 2533//1742 2553//1742 2552//1742
f 2533//1722 2534//1722 2554//1743 2553//1743
f 2534//1723 2535//1723 2555//1744 2554//1744
f 2535//1724 2536//1724 2556//1745 2555//1746
f 2536//1725 2537//1725 2557//1747 2556//1747
f 2537//1726 2538//1726 2558//1748 2557//1748
f 2538//1727 2539//1727 2559//1749 2558//1749
f 2539//1750 2540//1750 2560//1750 2559//1750
f 2540//1751 2541//1751 2561//1751 2560//1751
f 2541//1752 2542//1752 2562//1752 2561//1752
f 2542//1753 2543//1753 2563//1753 2562//1753
f 2543//1732 2544//1732 2564//1754 2563//1754
f 2544//1733 2545//1733 2565//1755 2564//1755
f 2545//1734 2527//1734 2547//1756 2565//1756
f 2547//1736 2546//1735 2566//1757 2567//1757
f 2546//1737 2548//1737 2568//1758 2566//1758
f 2548//1738 2549//1738 2569//1759 2568//1759
f 2549//1760 2550//1760 2570//1760 2569//1760
f 2550//1761 2551//1761 2571//1761 2570//1761
f 2551//1762 2552//1762 2572//1762 2571//1762
f 2552//1763 2553//1763 2573//1763 2572//1763
f 2553//1743 2554//1743 2574//1764 2573//1764
f 2554//1744 2555//1744 2575//1765 2574//1765
f 2555//1746 2556//1745 2576//1766 2575//1766
f 2556//1747 2557//1747 2577//1767 2576//1768
f 2557//1748 2558//1748 2578//1769 2577//1769
f 2558//1749 2559//1749 2579//1770 2578//1770
f 2559//1771 2560//1771 2580//1771 2579//1771
f 2560//1772 2561//1772 2581//1772 2580//1772
f 2561//1773 2562//1773 2582//1773 2581//1773
f 2562//1774 2563//1774 2583//1774 2582//1774
f 2563//1754 2564//1754 2584//1775 2583//1775
f 2564//1755 2565//1755 2585//1776 2584//1776
f 2565//1756 2547//1756 2567//1777 2585//1777
f 2567//1757 2566//1757 2586//1778 2587//1778
f 2566//1758 2568//1758 2588//1779 2586//1779
f 2568//1759 2569//1759 2589//1780 2588//1780
f 2569//1781 2570//1781 2590//1781 2589//1781
f 2570//1782 2571//1782 2591//1782 2590//1782
f 2571//1783 2572//1783 2592//1783 2591//1783
f 2572//1784 2573//1784 2593//1784 2592//1784
f 2573//1764 2574//1764 2594//1785 2593//1785
f 2574//1765 2575//1765 2595//1786 2594//1786
f 2575//1766 2576//1766 2596//1787 2595//1787
f 2576//1768 2577//1767 2597//1788 2596//1788
f 2577//1769 2578//1769 2598//1789 2597//1789
f 2578//1770 2579//1770 2599//1790 2598//1790
f 2579//1791 2580//1791 2600//1791 2599//1791
f 2580//1792 2581//1792 2601//1792 2600//1792
f 2581//1793 2582//1793 2602//1793 2601//1793
f 2582//1794 2583//1794 2603//1794 2602//1794
f 2583//1775 2584//1775 2604//1795 2603//1795
f 2584//1776 2585//1776 2605//1796 2604//1796
f 2585//1777 2567//1777 2587//1797 2605//1797
f 2587//1778 2586//1778 2606//1798 2607//1798
f 2586//1779 2588//1779 2608//1799 2606//1799
f 2588//1780 2589//1780 2609//1800 2608//1800
f 2589//1801 2590//1801 2610//1802 2609//1802
f 2590//1803 2591//1803 2611//1804 2610//1804
f 2591//1805 2592//1805 2612//1806 2611//1806
f 2592//1807 2593//1807 2613//1808 2612//1808
f 2593//1785 2594//1785 2614//1809 2613//1809
f 2594//1786 2595//1786 2615//1810 2614//1810
f 2595//1787 2596//1787 2616//1811 2615//1811
f 2596//1788 2597//1788 2617//1812 2616//1812
f 2597//1789 2598//1789 2618//1813 2617//1813
f 2598//1790 2599//1790 2619//1814 2618//1814
f 2599//1815 2600//1815 2620//1816 2619//1816
f 2600//1817 2601//1817 2621//1818 2620//1818
f 2601//1819 2602//1819 2622//1820 2621//1820
f 2602//1821 2603//1821 2623//1822 2622//1822
f 2603//1795 2604//1795 2624//1823 2623//1823
f 2604//1796 2605//1796 2625//1824 2624//1824
f 2605//1797 2587//1797 2607//1825 2625//1825
f 2607//1798 2606//1798 2626//1826 2627//1826
f 2606//1799 2608//1799 2628//1827 2626//1827
f 2608//1800 2609//1800 2629//1828 2628//1828
f 2609//1802 2610//1802 2630//1829 2629//1829
f 2610//1804 2611//1804 2631//1830 2630//1830
f 2611//1806 2612//1806 2632//1831 2631//1831
f 2612//1808 2613//1808 2633//1832 2632//1832
f 2613//1809 2614//1809 2634//1833 2633//1833
f 2614//1810 2615//1810 2635//1834 2634//1835
f 2615//1811 2616//1811 2636//1836 2635//1836
f 2616//1812 2617//1812 2637//1837 2636//1837
f 2617//1813 2618//1813 2638//1838 2637//1838
f 2618//1814 2619//1814 2639//1839 2638//1839
f 2619//1816 2620//1816 2640//1840 2639//1840
f 2620//1818 2621//1818 2641//1841 2640//1841
f 2621//1820 2622//1820 2642//1842 2641//1842
f 2622//1822 2623//1822 2643//1843 2642//1843
f 2623//1823 2624//1823 2644//1844 2643//1844
f 2624//1824 2625//1824 2645//1845 2644//1845
f 2625//1825 2607//1825 2627//1846 2645//1846
f 2627//1826 2626//1826 2646//1847 2647//1847
f 2626//1827 2628//1827 2648//1848 2646//1848
f 2628//1849 2629//1849 2649//1850 2648//1850
f 2629//1851 2630//1851 2650//1852 2649//1852
f 2630//1853 2631//1853 2651//1854 2650//1854
f 2631//1855 2632//1855 2652//1856 2651//1856
f 2632//1857 2633//1857 2653//1858 2652//1858
f 2633//1859 2634//1859 2654//1860 2653//1860
f 2634//1835 2635//1834 2655//1861 2654//1861
f 2635//1836 2636//1836 2656//1862 2655//1863
f 2636//1837 2637//1837 2657//1864 2656//1864
f 2637//1838 2638//1838 2658//1865 2657//1865
f 2638//1866 2639//1866 2659//1867 2658//1867
f 2639//1868 2640//1868 2660//1869 2659//1869
f 2640//1870 2641//1870 2661//1871 2660//1871
f 2641//1872 2642//1872 2662//1873 2661//1873
f 2642//1874 2643//1874 2663//1875 2662//1875
f 2643//1876 2644//1876 2664//1877 2663//1877
f 2644//1845 2645//1845 2665//1878 2664//1878
f 2645//1846 2627//1846 2647//1879 2665//1879
f 2647//1847 2646//1847 2666//1880 2667//1880
f 2646//1848 2648//1848 2668//1881 2666//1881
f 2648//1850 2649//1850 2669//1882 2668//1882
f 2649//1852 2650//1852 2670//1883 2669//1883
f 2650//1854 2651//1854 2671//1884 2670//1884
f 2651//1856 2652//1856 2672//1885 2671//1885
f 2652//1858 2653//1858 2673//1886 2672//1886
f 2653//1860 2654//1860 2674//1887 2673//1887
f 2654//1861 2655//1861 2675//1888 2674//1888
f 2655//1863 2656//1862 2676//1889 2675//1889
f 2656//1864 2657//1864 2677//1890 2676//1890
f 2657//1865 2658//1865 2678//1891 2677//1891
f 2658//1867 2659//1867 2679//1892 2678//1892
f 2659//1869 2660//1869 2680//1893 2679//1893
f 2660//1871 2661//1871 2681//1894 2680//1894
f 2661//1873 2662//1873 2682//1895 2681//1895
f 2662//1875 2663//1875 2683//1896 2682//1896
f 2663//1877 2664//1877 2684//1897 2683//1897
f 2664//1878 2665//1878 2685//1898 2684//1898
f 2665//1879 2647//1879 2667//1899 2685//1899
f 2667//1880 2666//1880 2686//1900 2687//1900
f 2666//1881 2668//1881 2688//1901 2686//1901
f 2668//1882 2669//1882 2689//1902 2688//1902
f 2669//1883 2670//1883 2690//1903 2689//1903
f 2670//1884 2671//1884 2691//1904 2690//1904
f 2671//1885 2672//1885 2692//1905 2691//1905
f 2672//1886 2673//1886 2693//1906 2692//1906
f 2673//1887 2674//1887 2694//1907 2693//1907
f 2674//1888 2675//1888 2695//1908 2694//1908
f 2675//1889 2676//1889 2696//1909 2695//1909
f 2676//1890 2677//1890 2697//1910 2696//1910
f 2677//1891 2678//1891 2698//1911 2697//1911
f 2678//1892 2679//1892 2699//1912 2698//1912
f 2679//1893 2680//1893 2700//1913 2699//1913
f 2680//1894 2681//1894 2701//1914 2700//1914
f 2681//1895 2682//1895 2702//1915 2701//1915
f 2682//1896 2683//1896 2703//1916 2702//1916
f 2683//1897 2684//1897 2704//1917 2703//1917
f 2684//1898 2685//1898 2705//1918 2704//1918
f 2685//1899 2667//1899 2687//1919 2705//1919
f 2687//1900 2686//1900 2706//1920 2707//1920
f 2686//1901 2688//1901 2708//1921 2706//1921
f 2688//1902 2689//1902 2709//1922 2708//1922
f 2689//1903 2690//1903 2710//1923 2709//1923
f 2690//1904 2691//1904 2711//1924 2710//1924
f 2691//1905 2692//1905 2712//1925 2711//1925
f 2692//1906 2693//1906 2713//1926 2712//1926
f 2693//1907 2694//1907 2714//1927 2713//1927
f 2694//1908 2695//1908 2715//1928 2714//1928
f 2695//1909 2696//1909 2716//1929 2715//1929
f 2696//1910 2697//1910 2717//1930 2716//1930
f 2697//1911 2698//1911 2718//1931 2717//1931
f 2698//1912 2699//1912 2719//1932 2718//1932
f 2699//1913 2700//1913 2720//1933 2719//1933
f 2700//1914 2701//1914 2721//1934 2720//1934
f 2701//1915 2702//1915 2722//1935 2721//1935
f 2702//1916 2703//1916 2723//1936 2722//1936
f 2703//1917 2704//1917 2724//1937 2723//1937
f 2704//1918 2705//1918 2725//1938 2724//1939
f 2705//1919 2687//1919 2707//1940 2725//1940
f 2707//1920 2706//1920 2726//1798 2727//1798
f 2706//1921 2708//1921 2728//1941 2726//1941
f 2708//1942 2709//1942 2729//1942 2728//1942
f 2709//1943 2710//1943 2730//1943 2729//1943
f 2710//1944 2711//1944 2731//1944 2730//1944
f 2711//1945 2712//1945 2732//1945 2731//1945
f 2712//1946 2713//1946 2733//1946 2732//1946
f 2713//1947 2714//1947 2734//1947 2733//1947
f 2714//1928 2715//1928 2735//1948 2734//1948
f 2715//1929 2716//1929 2736//1949 2735//1949
f 2716//1930 2717//1930 2737//1950 2736//1951
f 2717//1931 2718//1931 2738//1952 2737//1953
f 2718//1954 2719//1954 2739//1954 2738//1954
f 2719//1955 2720//1955 2740//1955 2739//1955
f 2720//1956 2721//1956 2741//1956 2740//1956
f 2721//1957 2722//1957 2742//1957 2741//1957
f 2722//1958 2723//1958 2743//1958 2742//1958
f 2723//1959 2724//1959 2744//1959 2743//1959
f 2724//1939 2725//1938 2745//1960 2744//1960
f 2725//1940 2707//1940 2727//1961 2745//1961
f 2727//1798 2726//1798 2746//1962 2747//1962
f 2726//1941 2728//1941 2748//1963 2746//1964
f 2728//1965 2729//1965 2749//1965 2748//1965
f 2729//1966 2730//1966 2750//1966 2749//1966
f 2730//1967 2731//1967 2751//1967 2750//1967
f 2731//1968 2732//1968 2752//1968 2751//1968
f 2732//1969 2733//1969 2753//1969 2752//1969
f 2733//1970 2734//1970 2754//1970 2753//1970
f 2734//1948 2735//1948 2755//1971 2754//1971
f 2735//1949 2736//1949 2756//1972 2755//1972
f 2736//1951 2737//1950 2757//1973 2756//1973
f 2737//1953 2738//1952 2758//1974 2757//1974
f 2738//1975 2739//1975 2759//1975 2758//1975
f 2739//1976 2740//1976 2760//1976 2759//1976
f 2740//1977 2741//1977 2761//1977 2760//1977
f 2741//1978 2742//1978 2762//1978 2761//1978
f 2742//1979 2743//1979 2763//1979 2762//1979
f 2743//1980 2744//1980 2764//1980 2763//1980
f 2744//1960 2745//1960 2765//1981 2764//1981
f 2745//1961 2727//1961 2747//1982 2765//1982
f 2747//1962 2746//1962 2766//1983 2767//1983
f 2746//1964 2748//1963 2768//1984 2766//1984
f 2748//1985 2749//1985 2769//1985 2768//1985
f 2749//1986 2750//1986 2770//1986 2769//1986
f 2750//1987 2751//1987 2771//1987 2770//1987
f 2751//1988 2752//1988 2772//1988 2771//1988
f 2752//1989 2753//1989 2773//1989 2772//1989
f 2753//1990 2754//1990 2774//1990 2773//1990
f 2754//1971 2755//1971 2775//1991 2774//1991
f 2755//1972 2756//1972 2776//1992 2775//1992
f 2756//1973 2757//1973 2777//1993 2776//1993
f 2757//1974 2758//1974 2778//1994 2777//1994
f 2758//1995 2759//1995 2779//1995 2778//1995
f 2759//1996 2760//1996 2780//1996 2779//1996
f 2760//1997 2761//1997 2781//1997 2780//1997
f 2761//1998 2762//1998 2782//1998 2781//1998
f 2762//1999 2763//1999 2783//1999 2782//1999
f 2763//2000 2764//2000 2784//2000 2783//2000
f 2764//1981 2765//1981 2785//2001 2784//2001
f 2765//1982 2747//1982 2767//2002 2785//2002
f 2767//1983 2766//1983 2786//2003 2787//2003
f 2766//2004 2768//2004 2788//2005 2786//2006
f 2768//2007 2769//2007 2789//2007 2788//2007
f 2769//2008 2770//2008 2790//2008 2789//2008
f 2770//2009 2771//2009 2791//2009 2790//2009
f 2771//2010 2772//2010 2792//2010 2791//2010
f 2772//2011 2773//2011 2793//2011 2792//2011
f 2773//2012 2774//2012 2794//2012 2793//2012
f 2774//2013 2775//2013 2795//2014 2794//2014
f 2775//1992 2776//1992 2796//2015 2795//2015
f 2776//1993 2777//1993 2797//2016 2796//2016
f 2777//2017 2778//2017 2798//2018 2797//2018
f 2778//2019 2779//2019 2799//2019 2798//2019
f 2779//2020 2780//2020 2800//2020 2799//2020
f 2780//2021 2781//2021 2801//2021 2800//2021
f 2781//2022 2782//2022 2802//2022 2801//2022
f 2782//2023 2783//2023 2803//2023 2802//2023
f 2783//2024 2784//2024 2804//2024 2803//2024
f 2784//2025 2785//2025 2805//2026 2804//2026
f 2785//2002 2767//2002 2787//2027 2805//2027
f 2787//2003 2786//2003 2806//2028 2807//2028
f 2786//2006 2788//2005 2808//2029 2806//2030
f 2788//2031 2789//2031 2809//2032 2808//2032
f 2789//2033 2790//2033 2810//2034 2809//2034
f 2790//2035 2791//2035 2811//2036 2810//2036
f 2791//2037 2792//2037 2812//2038 2811//2038
f 2792//2039 2793//2039 2813//2040 2812//2040
f 2793//2041 2794//2041 2814//2042 2813//2042
f 2794//2014 2795//2014 2815//2043 2814//2043
f 2795//2015 2796//2015 2816//2044 2815//2044
f 2796//2016 2797//2016 2817//2045 2816//2045
f 2797//2018 2798//2018 2818//2046 2817//2046
f 2798//2047 2799//2047 2819//2048 2818//2048
f 2799//2049 2800//2049 2820//2050 2819//2050
f 2800//2051 2801//2051 2821//2052 2820//2052
f 2801//2053 2802//2053 2822//2054 2821//2055
f 2802//2056 2803//2056 2823//2057 2822//2057
f 2803//2058 2804//2058 2824//2059 2823//2059
f 2804//2026 2805//2026 2825//2060 2824//2060
f 2805//2027 2787//2027 2807//2061 2825//2061
f 2807//2028 2806//2028 2826//2062 2827//2062
f 2806//2030 2808//2029 2828//2063 2826//2063
f 2808//2032 2809//2032 2829//2064 2828//2064
f 2809//2034 2810//2034 2830//2065 2829//2065
f 2810//2036 2811//2036 2831//2066 2830//2066
f 2811//2038 2812//2038 2832//2067 2831//2067
f 2812//2040 2813//2040 2833//2068 2832//2068
f 2813//2042 2814//2042 2834//2069 2833//2069
f 2814//2043 2815//2043 2835//2070 2834//2070
f 2815//2044 2816//2044 2836//2071 2835//2071
f 2816//2045 2817//2045 2837//2072 2836//2073
f 2817//2046 2818//2046 2838//2074 2837//2074
f 2818//2048 2819//2048 2839//2075 2838//2075
f 2819//2050 2820//2050 2840//2076 2839//2076
f 2820//2052 2821//2052 2841//2077 2840//2077
f 2821//2055 2822//2054 2842//2078 2841//2078
f 2822//2057 2823//2057 2843//2079 2842//2079
f 2823//2059 2824//2059 2844//2080 2843//2080
f 2824//2060 2825//2060 2845//2081 2844//2081
f 2825//2061 2807//2061 2827//2082 2845//2083
f 2827//2062 2826//2062 2846//2084 2847//2084
f 2826//2063 2828//2063 2848//2085 2846//2085
f 2828//2064 2829//2064 2849//2086 2848//2086
f 2829//2065 2830//2065 2850//2087 2849//2088
f 2830//2066 2831//2066 2851//2089 2850//2090
f 2831//2067 2832//2067 2852//2091 2851//2092
f 2832//2068 2833//2068 2853//2093 2852//2094
f 2833//2069 2834//2069 2854//2095 2853//2095
f 2834//2070 2835//2070 2855//2096 2854//2096
f 2835//2071 2836//2071 2856//2097 2855//2097
f 2836//2073 2837//2072 2857//2098 2856//2098
f 2837//2074 2838//2074 2858//2099 2857//2099
f 2838//2075 2839//2075 2859//2100 2858//2100
f 2839//2076 2840//2076 2860//2101 2859//2101
f 2840//2077 2841//2077 2861//2102 2860//2102
f 2841//2078 2842//2078 2862//2103 2861//2103
f 2842//2079 2843//2079 2863//2104 2862//2104
f 2843//2080 2844//2080 2864//2105 2863//2105
f 2844//2081 2845//2081 2865//2106 2864//2106
f 2845//2083 2827//2082 2847//2107 2865//2107
f 2847//2084 2846//2084 2866//2108 2867//2109
f 2846//2085 2848//2085 2868//2110 2866//2110
f 2848//2086 2849//2086 2869//2111 2868//2111
f 2849//2088 2850//2087 2870//2112 2869//2112
f 2850//2090 2851//2089 2871//2113 2870//2113
f 2851//2092 2852//2091 2872//2114 2871//2114
f 2852//2094 2853//2093 2873//2115 2872//2115
f 2853//2095 2854//2095 2874//2116 2873//2116
f 2854//2096 2855//2096 2875//2117 2874//2117
f 2855//2097 2856//2097 2876//2118 2875//2118
f 2856//2098 2857//2098 2877//2119 2876//2119
f 2857//2099 2858//2099 2878//2120 2877//2120
f 2858//2100 2859//2100 2879//2121 2878//2121
f 2859//2101 2860//2101 2880//2122 2879//2122
f 2860//2102 2861//2102 2881//2123 2880//2123
f 2861//2103 2862//2103 2882//2124 2881//2124
f 2862//2104 2863//2104 2883//2125 2882//2125
f 2863//2105 2864//2105 2884//2126 2883//2127
f 2864//2106 2865//2106 2885//2128 2884//2128
f 2865//2107 2847//2107 2867//2129 2885//2129
f 2867//2109 2866//2108 2886//2130 2887//2130
f 2866//2110 2868//2110 2888//2131 2886//2131
f 2868//2111 2869//2111 2889//2132 2888//2132
f 2869//2133 2870//2133 2890//2133 2889//2133
f 2870//2134 2871//2134 2891//2134 2890//2134
f 2871//2135 2872//2135 2892//2135 2891//2135
f 2872//2136 2873//2136 2893//2136 2892//2136
f 2873//2116 2874//2116 2894//2137 2893//2137
f 2874//2117 2875//2117 2895//2138 2894//2138
f 2875//2118 2876//2118 2896//2139 2895//2139
f 2876//2119 2877//2119 2897//2140 2896//2140
f 2877//2120 2878//2120 2898//2141 2897//2141
f 2878//2121 2879//2121 2899//2142 2898//2142
f 2879//2143 2880//2143 2900//2143 2899//2143
f 2880//2144 2881//2144 2901//2144 2900//2144
f 2881//2145 2882//2145 2902//2145 2901//2145
f 2882//2146 2883//2146 2903//2146 2902//2146
f 2883//2127 2884//2126 2904//2147 2903//2147
f 2884//2128 2885//2128 2905//2148 2904//2148
f 2885//2129 2867//2129 2887//2149 2905//2150
f 2887//2130 2886//2130 2906//2151 2907//2151
f 2886//2131 2888//2131 2908//2152 2906//2152
f 2888//2153 2889//2153 2909//2153 2908//2153
f 2889//2154 2890//2154 2910//2154 2909//2154
f 2890//2155 2891//2155 2911//2155 2910//2155
f 2891//2156 2892//2156 2912//2156 2911//2156
f 2892//2157 2893//2157 2913//2157 2912//2157
f 2893//2158 2894//2158 2914//2158 2913//2158
f 2894//2138 2895//2138 2915//2159 2914//2159
f 2895//2139 2896//2139 2916//2160 2915//2160
f 2896//2140 2897//2140 2917//2161 2916//2161
f 2897//2141 2898//2141 2918//2162 2917//2162
f 2898//2163 2899//2163 2919//2163 2918//2163
f 2899//2164 2900//2164 2920//2164 2919//2164
f 2900//2165 2901//2165 2921//2165 2920//2165
f 2901//2166 2902//2166 2922//2166 2921//2166
f 2902//2167 2903//2167 2923//2167 2922//2167
f 2903//2168 2904//2168 2924//2168 2923//2168
f 2904//2148 2905//2148 2925//2169 2924//2169
f 2905//2150 2887//2149 2907//2170 2925//2170
f 2907//2171 2906//2171 2926//2172 2927//2172
f 2906//2173 2908//2173 2928//2174 2926//2174
f 2908//2175 2909//2175 2929//2176 2928//2177
f 2909//2178 2910//2178 2930//2179 2929//2179
f 2910//2180 2911//2180 2931//2181 2930//2181
f 2911//2182 2912//2182 2932//2183 2931//2183
f 2912//2184 2913//2184 2933//2185 2932//2185
f 2913//2186 2914//2186 2934//2187 2933//2187
f 2914//2188 2915//2188 2935//2189 2934//2189
f 2915//2190 2916//2190 2936//2191 2935//2192
f 2916//2193 2917//2193 2937//2194 2936//2194
f 2917//2195 2918//2195 2938//2196 2937//2196
f 2918//2197 2919//2197 2939//2198 2938//2198
f 2919//2199 2920//2199 2940//2200 2939//2200
f 2920//2201 2921//2201 2941//2202 2940//2202
f 2921//2203 2922//2203 2942//2204 2941//2204
f 2922//2205 2923//2205 2943//2206 2942//2206
f 2923//2207 2924//2207 2944//2208 2943//2208
f 2924//2209 2925//2209 2945//2210 2944//2210
f 2925//2211 2907//2211 2927//2212 2945//2212
f 2927//2172 2926//2172 2946//2213 2947//2213
f 2926//2174 2928//2174 2948//2214 2946//2214
f 2928//2177 2929//2176 2949//2215 2948//2215
f 2929//2179 2930//2179 2950//2216 2949//2216
f 2930//2181 2931//2181 2951//2217 2950//2217
f 2931//2183 2932//2183 2952//2218 2951//2218
f 2932//2185 2933//2185 2953//2219 2952//2219
f 2933//2187 2934//2187 2954//2220 2953//2220
f 2934//2189 2935//2189 2955//2221 2954//2222
f 2935//2192 2936//2191 2956//2223 2955//2223
f 2936//2194 2937//2194 2957//2224 2956//2224
f 2937//2196 2938//2196 2958//2225 2957//2225
f 2938//2198 2939//2198 2959//2226 2958//2226
f 2939//2200 2940//2200 2960//2227 2959//2227
f 2940//2202 2941//2202 2961//2228 2960//2228
f 2941//2204 2942//2204 2962//2229 2961//2229
f 2942//2206 2943//2206 2963//2230 2962//2230
f 2943//2208 2944//2208 2964//2231 2963//2231
f 2944//2210 2945//2210 2965//2232 2964//2232
f 2945//2212 2927//2212 2947//2233 2965//2233
f 2947//2213 2946//2213 2966//2234 2967//2234
f 2946//2214 2948//2214 2968//2235 2966//2235
f 2948//2215 2949//2215 2969//2236 2968//2237
f 2949//2216 2950//2216 2970//2238 2969//2238
f 2950//2217 2951//2217 2971//2239 2970//2239
f 2951//2218 2952//2218 2972//2240 2971//2240
f 2952//2219 2953//2219 2973//2241 2972//2241
f 2953//2220 2954//2220 2974//2242 2973//2242
f 2954//2222 2955//2221 2975//2243 2974//2243
f 2955//2223 2956//2223 2976//2244 2975//2244
f 2956//2224 2957//2224 2977//2245 2976//2245
f 2957//2225 2958//2225 2978//2246 2977//2246
f 2958//2226 2959//2226 2979//2247 2978//2247
f 2959//2227 2960//2227 2980//2248 2979//2248
f 2960//2228 2961//2228 2981//2249 2980//2249
f 2961//2229 2962//2229 2982//2250 2981//2250
f 2962//2230 2963//2230 2983//2251 2982//2251
f 2963//2231 2964//2231 2984//2252 2983//2252
f 2964//2232 2965//2232 2985//2253 2984//2253
f 2965//2233 2947//2233 2967//2254 2985//2254
f 2967//2234 2966//2234 2986//2255 2987//2255
f 2966//2235 2968//2235 2988//2256 2986//2256
f 2968//2237 2969//2236 2989//2257 2988//2257
f 2969//2238 2970//2238 2990//2258 2989//2258
f 2970//2239 2971//2239 2991//2259 2990//2259
f 2971//2240 2972//2240 2992//2260 2991//2260
f 2972//2241 2973//2241 2993//2261 2992//2261
f 2973//2242 2974//2242 2994//2262 2993//2262
f 2974//2243 2975//2243 2995//2263 2994//2263
f 2975//2244 2976//2244 2996//2264 2995//2264
f 2976//2245 2977//2245 2997//2265 2996//2265
f 2977//2246 2978//2246 2998//2266 2997//2266
f 2978//2247 2979//2247 2999//2267 2998//2267
f 2979//2248 2980//2248 3000//2268 2999//2268
f 2980//2249 2981//2249 3001//2269 3000//2269
f 2981//2250 2982//2250 3002//2270 3001//2270
f 2982//2251 2983//2251 3003//2271 3002//2271
f 2983//2252 2984//2252 3004//2272 3003//2272
f 2984//2253 2985//2253 3005//2273 3004//2273
f 2985//2254 2967//2254 2987//2274 3005//2274
f 2987//2255 2986//2255 3006//2275 3007//2275
f 2986//2256 2988//2256 3008//2276 3006//2276
f 2988//2257 2989//2257 3009//2277 3008//2277
f 2989//2278 2990//2278 3010//2278 3009//2278
f 2990//2279 2991//2279 3011//2279 3010//2279
f 2991//2280 2992//2280 3012//2280 3011//2280
f 2992//2281 2993//2281 3013//2281 3012//2281
f 2993//2262 2994//2262 3014//2282 3013//2282
f 2994//2263 2995//2263 3015//2283 3014//2283
f 2995//2264 2996//2264 3016//2284 3015//2284
f 2996//2265 2997//2265 3017//2285 3016//2285
f 2997//2266 2998//2266 3018//2286 3017//2286
f 2998//2267 2999//2267 3019//2287 3018//2287
f 2999//2288 3000//2288 3020//2288 3019//2288
f 3000//2289 3001//2289 3021//2289 3020//2289
f 3001//2290 3002//2290 3022//2290 3021//2290
f 3002//2291 3003//2291 3023//2291 3022//2291
f 3003//2272 3004//2272 3024//2292 3023//2292
f 3004//2273 3005//2273 3025//2293 3024//2293
f 3005//2274 2987//2274 3007//2294 3025//2294
f 3007//2275 3006//2275 3026//2295 3027//2295
f 3006//2276 3008//2276 3028//2296 3026//2296
f 3008//2277 3009//2277 3029//2297 3028//2297
f 3009//2298 3010//2298 3030//2298 3029//2298
f 3010//2299 3011//2299 3031//2299 3030//2299
f 3011//2300 3012//2300 3032//2300 3031//2300
f 3012//2301 3013//2301 3033//2301 3032//2301
f 3013//2282 3014//2282 3034//2302 3033//2302
f 3014//2283 3015//2283 3035//2303 3034//2303
f 3015//2284 3016//2284 3036//2304 3035//2304
f 3016//2285 3017//2285 3037//2305 3036//2305
f 3017//2286 3018//2286 3038//2306 3037//2306
f 3018//2287 3019//2287 3039//2307 3038//2307
f 3019//2308 3020//2308 3040//2308 3039//2308
f 3020//2309 3021//2309 3041//2309 3040//2309
f 3021//2310 3022//2310 3042//2310 3041//2310
f 3022//2311 3023//2311 3043//2311 3042//2311
f 3023//2292 3024//2292 3044//2312 3043//2312
f 3024//2293 3025//2293 3045//2313 3044//2313
f 3025//2294 3007//2294 3027//2314 3045//2314
f 3027//2295 3026//2295 3046//2315 3047//2315
f 3026//2296 3028//2296 3048//2316 3046//2316
f 3028//2297 3029//2297 3049//2317 3048//2317
f 3029//2318 3030//2318 3050//2319 3049//2319
f 3030//2320 3031//2320 3051//2321 3050//2321
f 3031//2322 3032//2322 3052//2323 3051//2323
f 3032//2324 3033//2324 3053//2325 3052//2325
f 3033//2302 3034//2302 3054//2326 3053//2326
f 3034//2303 3035//2303 3055//2327 3054//2327
f 3035//2304 3036//2304 3056//2328 3055//2329
f 3036//2305 3037//2305 3057//2330 3056//2330
f 3037//2306 3038//2306 3058//2331 3057//2331
f 3038//2307 3039//2307 3059//2332 3058//2332
f 3039//2333 3040//2333 3060//2334 3059//2334
f 3040//2335 3041//2335 3061//2336 3060//2336
f 3041//2337 3042//2337 3062//2338 3061//2338
f 3042//2339 3043//2339 3063//2340 3062//2340
f 3043//2312 3044//2312 3064//2341 3063//2341
f 3044//2313 3045//2313 3065//2342 3064//2342
f 3045//2314 3027//2314 3047//2343 3065//2343
f 3047//2315 3046//2315 3066//2344 3067//2344
f 3046//2316 3048//2316 3068//2345 3066//2346
f 3048//2317 3049//2317 3069//2347 3068//2347
f 3049//2319 3050//2319 3070//2348 3069//2348
f 3050//2321 3051//2321 3071//2349 3070//2349
f 3051//2323 3052//2323 3072//2350 3071//2350
f 3052//2325 3053//2325 3073//2351 3072//2351
f 3053//2326 3054//2326 3074//2352 3073//2352
f 3054//2327 3055//2327 3075//2353 3074//2353
f 3055//2329 3056//2328 3076//2354 3075//2354
f 3056//2330 3057//2330 3077//2355 3076//2355
f 3057//2331 3058//2331 3078//2356 3077//2356
f 3058//2332 3059//2332 3079//2357 3078//2358
f 3059//2334 3060//2334 3080//2359 3079//2359
f 3060//2336 3061//2336 3081//2360 3080//2360
f 3061//2338 3062//2338 3082//2361 3081//2361
f 3062//2340 3063//2340 3083//2362 3082//2362
f 3063//2341 3064//2341 3084//2363 3083//2363
f 3064//2342 3065//2342 3085//2364 3084//2364
f 3065//2343 3047//2343 3067//2365 3085//2365
f 3067//2344 3066//2344 3086//2366 3087//2366
f 3066//2346 3068//2345 3088//2367 3086//2367
f 3068//2347 3069//2347 3089//2368 3088//2368
f 3069//2348 3070//2348 3090//2369 3089//2369
f 3070//2349 3071//2349 3091//2370 3090//2370
f 3071//2350 3072//2350 3092//2371 3091//2371
f 3072//2351 3073//2351 3093//2372 3092//2372
f 3073//2352 3074//2352 3094//2373 3093//2373
f 3074//2353 3075//2353 3095//2374 3094//2374
f 3075//2354 3076//2354 3096//2375 3095//2375
f 3076//2355 3077//2355 3097//2376 3096//2376
f 3077//2356 3078//2356 3098//2377 3097//2377
f 3078//2358 3079//2357 3099//2378 3098//2378
f 3079//2359 3080//2359 3100//2379 3099//2379
f 3080//2360 3081//2360 3101//2380 3100//2380
f 3081//2361 3082//2361 3102//2381 3101//2381
f 3082//2362 3083//2362 3103//2382 3102//2382
f 3083//2363 3084//2363 3104//2383 3103//2383
f 3084//2364 3085//2364 3105//2384 3104//2384
f 3085//2365 3067//2365 3087//2385 3105//2385
